Rk,Player,Tm,Age,Pos,G,GS,Receiving Tgt,Reception,Receiving Yds,Y/Receiving,Receiving TD,Receiving 1D,Receiving Lng,Receiving R/G,Receiving Y/G,Receiving Ctch%,Receiving Y/Tgt,Rushing Att,Rushing Yds,Rushing TD,Rushing 1D,Rushing LG,Rushing Y/A,Rushing Y/G,Rushing A/G,Total Yds Touch,Total Y/Tch,Total YScm,RRTD,Fmb
1,Derrick Henry *\HenrDe00,TEN,26,RB,16,16,31,19,114,6,0,4,53,1.2,7.1,61.30%,3.7,378,2027,17,98,94,5.4,126.7,23.6,397,5.4,2141,17,3
2,Dalvin Cook*\CookDa01,MIN,25,RB,14,14,54,44,361,8.2,1,17,50,3.1,25.8,81.50%,6.7,312,1557,16,91,70,5,111.2,22.3,356,5.4,1918,17,5
3,Alvin Kamara *\KamaAl00,NOR,25,RB,15,10,107,83,756,9.1,5,35,52,5.5,50.4,77.60%,7.1,187,932,16,58,49,5,62.1,12.5,270,6.3,1688,21,1
4,Stefon Diggs*\DiggSt00,BUF,27,WR,16,15,166,127,1535,12.1,8,73,55,7.9,95.9,76.50%,9.2,1,1,0,0,1,1,0.1,0.1,128,12,1536,8,0
5,David Montgomery\MontDa01,CHI,23,RB,15,14,68,54,438,8.1,2,25,28,3.6,29.2,79.40%,6.4,247,1070,8,59,80,4.3,71.3,16.5,301,5,1508,10,1
6,Jonathan Taylor\TaylJo02,IND,21,RB,15,13,39,36,299,8.3,1,12,39,2.4,19.9,92.30%,7.7,232,1169,11,69,62,5,77.9,15.5,268,5.5,1468,12,1
7,Aaron Jones*\JoneAa00,GNB,26,RB,14,14,63,47,355,7.6,2,15,30,3.4,25.4,74.60%,5.6,201,1104,9,52,77,5.5,78.9,14.4,248,5.9,1459,11,2
8,Travis Kelce*\KelcTr00,KAN,31,TE,15,15,145,105,1416,13.5,11,79,45,7,94.4,72.40%,9.8,,,,0,,,,,105,13.5,1416,11,1
9,James Robinson\RobiJa00,JAX,22,RB,14,14,60,49,344,7,3,15,28,3.5,24.6,81.70%,5.7,240,1070,7,54,47,4.5,76.4,17.1,289,4.9,1414,10,3
10,DeAndre Hopkins*\HopkDe00,ARI,28,WR,16,16,160,115,1407,12.2,6,75,60,7.2,87.9,71.90%,8.8,1,1,0,0,1,1,0.1,0.1,116,12.1,1408,6,3
11,Justin Jefferson *\JeffJu00,MIN,21,WR,16,14,125,88,1400,15.9,7,58,71,5.5,87.5,70.40%,11.2,1,2,0,0,2,2,0.1,0.1,89,15.8,1402,7,1
12,Tyreek Hill*\HillTy00,KAN,26,WR,15,15,135,87,1276,14.7,15,57,75,5.8,85.1,64.40%,9.5,13,123,2,5,32,9.5,8.2,0.9,100,14,1399,17,1
13,Calvin Ridley\RidlCa00,ATL,26,WR,15,15,143,90,1374,15.3,9,65,63,6,91.6,62.90%,9.6,5,1,0,1,8,0.2,0.1,0.3,95,14.5,1375,9,1
14,Davante Adams*\AdamDa01,GNB,28,WR,14,14,149,115,1374,11.9,18,73,56,8.2,98.1,77.20%,9.2,,,,0,,,,,115,11.9,1374,18,1
15,Ezekiel Elliott\ElliEz00,DAL,25,RB,15,15,71,52,338,6.5,2,20,19,3.5,22.5,73.20%,4.8,244,979,6,62,31,4,65.3,16.3,296,4.4,1317,8,6
16,Josh Jacobs*\JacoJo01,LVR,22,RB,15,15,45,33,238,7.2,0,9,29,2.2,15.9,73.30%,5.3,273,1065,12,61,28,3.9,71,18.2,306,4.3,1303,12,2
17,D.K. Metcalf*\MetcDK00,SEA,23,WR,16,16,129,83,1303,15.7,10,63,62,5.2,81.4,64.30%,10.1,,,,0,,,,,83,15.7,1303,10,1
18,Allen Robinson\RobiAl02,CHI,27,WR,16,16,151,102,1250,12.3,6,68,42,6.4,78.1,67.50%,8.3,1,-1,0,0,-1,-1,-0.1,0.1,103,12.1,1249,6,0
19,Nick Chubb*\ChubNi00,CLE,25,RB,12,12,18,16,150,9.4,0,6,26,1.3,12.5,88.90%,8.3,190,1067,12,56,59,5.6,88.9,15.8,206,5.9,1217,12,1
20,D.J. Moore\MoorD.00,CAR,23,WR,15,14,118,66,1193,18.1,4,53,74,4.4,79.5,55.90%,10.1,2,22,0,1,21,11,1.5,0.1,68,17.9,1215,4,0
21,Darren Waller*\WallDa01,LVR,28,TE,16,15,145,107,1196,11.2,9,69,38,6.7,74.8,73.80%,8.2,,,,0,,,,,107,11.2,1196,9,2
22,Brandin Cooks\CookBr00,HOU,27,WR,15,15,119,81,1150,14.2,6,51,57,5.4,76.7,68.10%,9.7,,,,0,,,,,81,14.2,1150,6,0
23,Terry McLaurin\McLaTe00,WAS,25,WR,15,15,134,87,1118,12.9,4,51,68,5.8,74.5,64.90%,8.3,2,30,0,2,27,15,2,0.1,89,12.9,1148,4,1
24,Kareem Hunt\HuntKa00,CLE,25,rb,16,5,51,38,304,8,5,19,26,2.4,19,74.50%,6,198,841,6,44,33,4.2,52.6,12.4,236,4.9,1145,11,2
25,Melvin Gordon\GordMe00,DEN,27,RB,15,10,44,32,158,4.9,1,7,20,2.1,10.5,72.70%,3.6,215,986,9,46,65,4.6,65.7,14.3,247,4.6,1144,10,4
26,Ronald Jones II\JoneRo01,TAM,23,RB,14,13,42,28,165,5.9,1,2,37,2,11.8,66.70%,3.9,192,978,7,48,98,5.1,69.9,13.7,220,5.2,1143,8,2
27,Amari Cooper\CoopAm00,DAL,26,WR,16,15,130,92,1114,12.1,5,54,69,5.8,69.6,70.80%,8.6,6,14,0,1,10,2.3,0.9,0.4,98,11.5,1128,5,0
28,Robby Anderson\AndeRo04,CAR,27,WR,16,16,136,95,1096,11.5,3,49,75,5.9,68.5,69.90%,8.1,4,15,0,1,11,3.8,0.9,0.3,99,11.2,1111,3,1
29,Clyde Edwards-Helaire\EdwaCl00,KAN,21,RB,13,13,54,36,297,8.3,1,12,26,2.8,22.8,66.70%,5.5,181,803,4,39,31,4.4,61.8,13.9,217,5.1,1100,5,0
30,Kenyan Drake\DrakKe00,ARI,26,RB,15,13,31,25,137,5.5,0,5,18,1.7,9.1,80.60%,4.4,239,955,10,59,69,4,63.7,15.9,264,4.1,1092,10,3
31,Robert Woods\WoodRo02,LAR,28,WR,16,16,129,90,936,10.4,6,46,56,5.6,58.5,69.80%,7.3,24,155,2,9,40,6.5,9.7,1.5,114,9.6,1091,8,2
32,A.J. Brown*\BrowAJ00,TEN,23,WR,14,12,106,70,1075,15.4,11,55,73,5,76.8,66.00%,10.1,,,,0,,,,,70,15.4,1075,11,2
33,Miles Sanders\SandMi01,PHI,23,RB,12,11,52,28,197,7,0,8,28,2.3,16.4,53.80%,3.8,164,867,6,39,82,5.3,72.3,13.7,192,5.5,1064,6,4
34,Tyler Lockett\LockTy00,SEA,28,WR,16,16,132,100,1054,10.5,10,57,47,6.3,65.9,75.80%,8,,,,0,,,,,100,10.5,1054,10,1
35,Curtis Samuel\SamuCu00,CAR,24,wr,15,5,97,77,851,11.1,3,39,44,5.1,56.7,79.40%,8.8,41,200,2,10,45,4.9,13.3,2.7,118,8.9,1051,5,1
36,Antonio Gibson\GibsAn00,WAS,22,RB,14,10,44,36,247,6.9,0,9,40,2.6,17.6,81.80%,5.6,170,795,11,40,40,4.7,56.8,12.1,206,5.1,1042,11,2
37,CeeDee Lamb\LambCe00,DAL,21,WR,16,14,111,74,935,12.6,5,46,52,4.6,58.4,66.70%,8.4,10,82,1,4,19,8.2,5.1,0.6,84,12.1,1017,6,2
38,Mike Davis\DaviMi01,CAR,27,RB,15,12,70,59,373,6.3,2,17,23,3.9,24.9,84.30%,5.3,165,642,6,38,25,3.9,42.8,11,224,4.5,1015,8,1
39,Cooper Kupp\KuppCo00,LAR,27,WR,15,12,124,92,974,10.6,3,45,55,6.1,64.9,74.20%,7.9,4,33,0,3,16,8.3,2.2,0.3,96,10.5,1007,3,1
40,Mike Evans\EvanMi00,TAM,27,WR,16,16,109,70,1006,14.4,13,55,50,4.4,62.9,64.20%,9.2,,,,0,,,,,70,14.4,1006,13,0
41,Lamar Jackson\JackLa00,BAL,23,QB,15,15,0,0,0,,0,0,0,0,0,0.00%,,159,1005,7,56,50,6.3,67,10.6,159,6.3,1005,7,10
42,David Johnson\JohnDa08,HOU,29,RB,12,12,46,33,314,9.5,2,16,32,2.8,26.2,71.70%,6.8,147,691,6,38,48,4.7,57.6,12.3,180,5.6,1005,8,2
43,Keenan Allen *\AlleKe00,LAC,28,WR,14,13,147,100,992,9.9,8,61,28,7.1,70.9,68.00%,6.7,1,-1,0,0,-1,-1,-0.1,0.1,101,9.8,991,8,3
44,Corey Davis\DaviCo03,TEN,25,WR,14,12,92,65,984,15.1,5,49,75,4.6,70.3,70.70%,10.7,,,,0,,,,,65,15.1,984,5,1
45,Marvin Jones\JoneMa02,DET,30,WR,16,16,115,76,978,12.9,9,52,43,4.8,61.1,66.10%,8.5,,,,0,,,,,76,12.9,978,9,0
46,Myles Gaskin\GaskMy00,MIA,23,rb,10,7,47,41,388,9.5,2,12,59,4.1,38.8,87.20%,8.3,142,584,3,27,26,4.1,58.4,14.2,183,5.3,972,5,2
47,Chris Carson\CarsCh00,SEA,26,RB,12,12,46,37,287,7.8,4,14,29,3.1,23.9,80.40%,6.2,141,681,5,43,29,4.8,56.8,11.8,178,5.4,968,9,1
48,Cole Beasley\BeasCo00,BUF,31,WR,15,10,107,82,967,11.8,4,53,35,5.5,64.5,76.60%,9,,,,0,,,,,82,11.8,967,4,0
49,Devin Singletary\SingDe00,BUF,23,RB,16,16,50,38,269,7.1,0,8,34,2.4,16.8,76.00%,5.4,156,687,2,40,51,4.4,42.9,9.8,194,4.9,956,2,1
50,J.D. McKissic\McKiJ.00,WAS,27,rb,16,7,110,80,589,7.4,2,32,29,5,36.8,72.70%,5.4,85,365,1,25,17,4.3,22.8,5.3,165,5.8,954,3,3
51,Adam Thielen\ThieAd00,MIN,30,WR,15,15,108,74,925,12.5,14,52,51,4.9,61.7,68.50%,8.6,3,15,0,0,8,5,1,0.2,77,12.2,940,14,0
52,Diontae Johnson\JohnDi01,PIT,24,WR,15,13,144,88,923,10.5,7,45,47,5.9,61.5,61.10%,6.4,3,15,0,0,9,5,1,0.2,91,10.3,938,7,2
53,James Conner\ConnJa00,PIT,25,RB,13,11,43,35,215,6.1,0,10,18,2.7,16.5,81.40%,5,169,721,6,42,59,4.3,55.5,13,204,4.6,936,6,2
54,Tee Higgins\HiggTe00,CIN,21,WR,16,14,108,67,908,13.6,6,52,67,4.2,56.8,62.00%,8.4,5,28,0,1,13,5.6,1.8,0.3,72,13,936,6,1
55,Austin Ekeler\EkelAu00,LAC,25,RB,10,10,65,54,403,7.5,2,20,28,5.4,40.3,83.10%,6.2,116,530,1,26,27,4.6,53,11.6,170,5.5,933,3,1
56,J.K. Dobbins\DobbJK00,BAL,22,rb,15,1,24,18,120,6.7,0,4,19,1.2,8,75.00%,5,134,805,9,38,72,6,53.7,8.9,152,6.1,925,9,2
57,Nelson Agholor\AghoNe00,LVR,27,WR,16,13,82,48,896,18.7,8,37,85,3,56,58.50%,10.9,,,,0,,,,,48,18.7,896,8,0
58,Tyler Boyd\BoydTy00,CIN,26,wr,15,8,110,79,841,10.6,4,43,72,5.3,56.1,71.80%,7.6,5,49,0,2,25,9.8,3.3,0.3,84,10.6,890,4,1
59,Chase Claypool\ClayCh01,PIT,22,wr,16,6,109,62,873,14.1,9,41,84,3.9,54.6,56.90%,8,10,16,2,4,8,1.6,1,0.6,72,12.3,889,11,3
60,Will Fuller\FullWi01,HOU,26,WR,11,11,75,53,879,16.6,8,38,77,4.8,79.9,70.70%,11.7,1,0,0,0,0,0,0,0.1,54,16.3,879,8,0
61,D'Andre Swift\SwifDA00,DET,21,rb,13,4,57,46,357,7.8,2,15,26,3.5,27.5,80.70%,6.3,114,521,8,31,54,4.6,40.1,8.8,160,5.5,878,10,3
62,Nyheim Hines\HineNy00,IND,24,rb,16,2,76,63,482,7.7,4,24,29,3.9,30.1,82.90%,6.3,89,380,3,24,31,4.3,23.8,5.6,152,5.7,862,7,0
63,Jerry Jeudy\JeudJe00,DEN,21,WR,16,14,113,52,856,16.5,3,39,92,3.3,53.5,46.00%,7.6,,,,0,,,,,52,16.5,856,3,2
64,Gus Edwards\EdwaGu00,BAL,25,rb,16,6,13,9,129,14.3,0,4,34,0.6,8.1,69.20%,9.9,144,723,6,45,36,5,45.2,9,153,5.6,852,6,1
65,Chase Edmonds\EdmoCh00,ARI,24,rb,16,2,67,53,402,7.6,4,21,30,3.3,25.1,79.10%,6,97,448,1,22,32,4.6,28,6.1,150,5.7,850,5,2
66,Jarvis Landry\LandJa00,CLE,28,WR,15,14,101,72,840,11.7,3,46,32,4.8,56,71.30%,8.3,4,10,1,2,5,2.5,0.7,0.3,76,11.2,850,4,2
67,Michael Gallup\GallMi00,DAL,24,WR,16,15,105,59,843,14.3,5,44,55,3.7,52.7,56.20%,8,,,,0,,,,,59,14.3,843,5,0
68,Todd Gurley\GurlTo01,ATL,26,RB,15,15,35,25,164,6.6,0,7,26,1.7,10.9,71.40%,4.7,195,678,9,45,35,3.5,45.2,13,220,3.8,842,9,2
69,Chris Godwin\GodwCh00,TAM,24,WR,12,12,84,65,840,12.9,7,43,47,5.4,70,77.40%,10,,,,0,,,,,65,12.9,840,7,1
70,Latavius Murray\MurrLa00,NOR,30,rb,15,7,26,23,176,7.7,1,8,25,1.5,11.7,88.50%,6.8,146,656,4,36,36,4.5,43.7,9.7,169,4.9,832,5,1
71,JuJu Smith-Schuster\SmitJu00,PIT,24,WR,16,14,128,97,831,8.6,9,48,31,6.1,51.9,75.80%,6.5,,,,0,,,,,97,8.6,831,9,3
72,Brandon Aiyuk\AiyuBr00,SFO,22,WR,12,11,96,60,748,12.5,5,42,49,5,62.3,62.50%,7.8,6,77,2,3,38,12.8,6.4,0.5,66,12.5,825,7,0
73,Kyler Murray *\MurrKy00,ARI,23,QB,16,16,0,0,0,,0,0,0,0,0,0.00%,,133,819,11,52,48,6.2,51.2,8.3,133,6.2,819,11,9
74,Wayne Gallman\GallWa00,NYG,26,RB,15,10,27,21,114,5.4,0,6,19,1.4,7.6,77.80%,4.2,147,682,6,36,60,4.6,45.5,9.8,168,4.7,796,6,1
75,Russell Gage\GageRu00,ATL,24,wr,16,8,109,72,786,10.9,4,50,35,4.5,49.1,66.10%,7.2,2,9,0,1,11,4.5,0.6,0.1,74,10.7,795,4,0
76,DeVante Parker\ParkDe01,MIA,27,WR,14,11,103,63,793,12.6,4,45,31,4.5,56.6,61.20%,7.7,,,,0,,,,,63,12.6,793,4,1
77,Darrell Henderson\HendDa00,LAR,23,RB,15,11,24,16,159,9.9,1,8,28,1.1,10.6,66.70%,6.6,138,624,5,40,40,4.5,41.6,9.2,154,5.1,783,6,0
78,Giovani Bernard\BernGi00,CIN,29,RB,16,10,59,47,355,7.6,3,15,42,2.9,22.2,79.70%,6,124,416,3,23,15,3.4,26,7.8,171,4.5,771,6,1
79,Julio Jones\JoneJu02,ATL,31,wr,9,9,68,51,771,15.1,3,36,44,5.7,85.7,75.00%,11.3,,,,0,,,,,51,15.1,771,3,0
80,Marquise Brown\BrowMa04,BAL,23,WR,16,14,100,58,769,13.3,8,35,70,3.6,48.1,58.00%,7.7,1,1,0,0,1,1,0.1,0.1,59,13.1,770,8,0
81,T.Y. Hilton\HiltT.00,IND,31,WR,15,15,93,56,762,13.6,5,42,50,3.7,50.8,60.20%,8.2,,,,0,,,,,56,13.6,762,5,0
82,Mike Williams\WillMi07,LAC,26,WR,15,11,85,48,756,15.8,5,35,64,3.2,50.4,56.50%,8.9,1,1,0,0,1,1,0.1,0.1,49,15.4,757,5,0
83,Darius Slayton\SlayDa01,NYG,23,WR,16,15,96,50,751,15,3,40,41,3.1,46.9,52.10%,7.8,2,-1,0,0,2,-0.5,-0.1,0.1,52,14.4,750,3,1
84,Cam Akers\AkerCa00,LAR,21,rb,13,5,14,11,123,11.2,1,4,38,0.8,9.5,78.60%,8.8,145,625,2,26,61,4.3,48.1,11.2,156,4.8,748,3,1
85,Damien Harris\HarrDa06,NWE,23,RB,10,10,7,5,52,10.4,0,4,15,0.5,5.2,71.40%,7.4,137,691,2,30,41,5,69.1,13.7,142,5.2,743,2,1
86,Frank Gore\GoreFr00,NYJ,37,RB,15,14,19,16,89,5.6,0,3,9,1.1,5.9,84.20%,4.7,187,653,2,32,17,3.5,43.5,12.5,203,3.7,742,2,1
87,Tim Patrick\PatrTi00,DEN,27,WR,15,15,79,51,742,14.5,6,33,61,3.4,49.5,64.60%,9.4,,,,0,,,,,51,14.5,742,6,0
88,Jamaal Williams\WillJa06,GNB,25,rb,14,3,35,31,236,7.6,1,11,29,2.2,16.9,88.60%,6.7,119,505,2,29,25,4.2,36.1,8.5,150,4.9,741,3,0
89,Jakobi Meyers\MeyeJa01,NWE,24,wr,14,9,81,59,729,12.4,0,37,35,4.2,52.1,72.80%,9,2,9,0,0,7,4.5,0.6,0.1,61,12.1,738,0,1
90,Emmanuel Sanders\SandEm00,NOR,33,wr,14,5,82,61,726,11.9,5,33,51,4.4,51.9,74.40%,8.9,1,12,0,1,12,12,0.9,0.1,62,11.9,738,5,1
91,Jeff Wilson\WilsJe01,SFO,25,rb,12,3,28,13,133,10.2,3,8,21,1.1,11.1,46.40%,4.8,126,600,7,31,34,4.8,50,10.5,139,5.3,733,10,2
92,T.J. Hockenson *\HockTJ00,DET,23,TE,16,16,101,67,723,10.8,6,40,51,4.2,45.2,66.30%,7.2,1,0,0,0,0,0,0,0.1,68,10.6,723,6,1
93,Jamison Crowder\CrowJa00,NYJ,27,wr,12,7,89,59,699,11.8,6,32,69,4.9,58.3,66.30%,7.9,1,14,0,1,14,14,1.2,0.1,60,11.9,713,6,0
94,DJ Chark\CharDJ00,JAX,24,WR,13,12,93,53,706,13.3,5,37,73,4.1,54.3,57.00%,7.6,,,,0,,,,,53,13.3,706,5,0
95,Adrian Peterson\PeteAd01,DET,35,RB,16,10,18,12,101,8.4,0,4,23,0.8,6.3,66.70%,5.6,156,604,7,34,38,3.9,37.8,9.8,168,4.2,705,7,0
96,Sterling Shepard\ShepSt00,NYG,27,WR,12,12,90,66,656,9.9,3,37,29,5.5,54.7,73.30%,7.3,6,49,1,2,23,8.2,4.1,0.5,72,9.8,705,4,0
97,Mike Gesicki\GesiMi00,MIA,25,te,15,9,85,53,703,13.3,6,36,70,3.5,46.9,62.40%,8.3,,,,0,,,,,53,13.3,703,6,0
98,Marquez Valdes-Scantling\ValdMa00,GNB,26,WR,16,12,63,33,690,20.9,6,27,78,2.1,43.1,52.40%,11,4,13,0,1,9,3.3,0.8,0.3,37,19,703,6,1
99,Mark Andrews\AndrMa00,BAL,25,te,14,2,88,58,701,12.1,7,37,39,4.1,50.1,65.90%,8,,,,0,,,,,58,12.1,701,7,2
100,Laviska Shenault Jr.\ShenLa00,JAX,22,WR,14,12,79,58,600,10.3,5,33,36,4.1,42.9,73.40%,7.6,18,91,0,6,17,5.1,6.5,1.3,76,9.1,691,5,0
101,Evan Engram *\EngrEv00,NYG,26,TE,16,14,109,63,654,10.4,1,32,53,3.9,40.9,57.80%,6,6,26,1,1,9,4.3,1.6,0.4,69,9.9,680,2,1
102,Raheem Mostert\MostRa00,SFO,28,rb,8,8,19,16,156,9.8,1,5,76,2,19.5,84.20%,8.2,104,521,2,22,80,5,65.1,13,120,5.6,677,3,1
103,Logan Thomas\ThomLo00,WAS,29,TE,16,15,110,72,670,9.3,6,36,30,4.5,41.9,65.50%,6.1,3,5,0,2,3,1.7,0.3,0.2,75,9,675,6,0
104,Noah Fant\FantNo00,DEN,23,TE,15,14,93,62,673,10.9,3,34,37,4.1,44.9,66.70%,7.2,,,,0,,,,,62,10.9,673,3,0
105,Kendrick Bourne\BourKe00,SFO,25,wr,15,5,74,49,667,13.6,2,35,49,3.3,44.5,66.20%,9,,,,0,,,,,49,13.6,667,2,0
106,Brian Hill\HillBr02,ATL,25,rb,16,1,30,25,199,8,0,7,26,1.6,12.4,83.30%,6.6,100,465,1,18,62,4.7,29.1,6.3,125,5.3,664,1,2
107,Hunter Renfrow\RenfHu00,LVR,25,wr,16,6,77,56,656,11.7,2,32,53,3.5,41,72.70%,8.5,,,,0,,,,,56,11.7,656,2,2
108,George Kittle\KittGe00,SFO,27,te,8,8,63,48,634,13.2,2,32,44,6,79.3,76.20%,10.1,2,17,0,1,9,8.5,2.1,0.3,50,13,651,2,0
109,Darnell Mooney\MoonDa00,CHI,23,wr,16,9,98,61,631,10.3,4,33,53,3.8,39.4,62.20%,6.4,4,20,0,1,16,5,1.3,0.3,65,10,651,4,1
110,Keelan Cole\ColeKe00,JAX,27,wr,16,5,88,55,642,11.7,5,34,51,3.4,40.1,62.50%,7.3,1,2,0,0,2,2,0.1,0.1,56,11.5,644,5,0
111,Zach Pascal\PascZa00,IND,26,WR,16,14,71,44,629,14.3,5,29,42,2.8,39.3,62.00%,8.9,,,,0,,,,,44,14.3,629,5,0
112,Tony Pollard\PollTo00,DAL,23,rb,16,2,40,28,193,6.9,1,9,30,1.8,12.1,70.00%,4.8,101,435,4,23,42,4.3,27.2,6.3,129,4.9,628,5,0
113,Cam Newton\NewtCa00,NWE,31,QB,15,15,2,2,35,17.5,1,2,19,0.1,2.3,100.00%,17.5,137,592,12,55,49,4.3,39.5,9.1,139,4.5,627,13,6
114,Christian Kirk\KirkCh01,ARI,24,WR,14,10,79,48,621,12.9,6,30,80,3.4,44.4,60.80%,7.9,2,3,0,1,3,1.5,0.2,0.1,50,12.5,624,6,1
115,Rob Gronkowski\GronRo00,TAM,31,TE,16,16,77,45,623,13.8,7,29,48,2.8,38.9,58.40%,8.1,,,,0,,,,,45,13.8,623,7,1
116,Josh Reynolds\ReynJo00,LAR,25,WR,16,13,81,52,618,11.9,2,31,40,3.3,38.6,64.20%,7.6,1,5,0,0,5,5,0.3,0.1,53,11.8,623,2,2
117,Damiere Byrd\ByrdDa00,NWE,27,WR,16,14,77,47,604,12.9,1,29,42,2.9,37.8,61.00%,7.8,2,15,0,1,11,7.5,0.9,0.1,49,12.6,619,1,3
118,Dalton Schultz\SchuDa00,DAL,24,TE,16,14,89,63,615,9.8,4,33,28,3.9,38.4,70.80%,6.9,,,,0,,,,,63,9.8,615,4,1
119,Hunter Henry\HenrHu00,LAC,26,TE,14,14,93,60,613,10.2,4,35,33,4.3,43.8,64.50%,6.6,,,,0,,,,,60,10.2,613,4,0
120,Danny Amendola\AmenDa00,DET,35,wr,14,5,69,46,602,13.1,0,30,50,3.3,43,66.70%,8.7,1,2,0,1,2,2,0.1,0.1,47,12.9,604,0,0
121,Leonard Fournette\FourLe00,TAM,25,rb,13,3,47,36,233,6.5,0,9,20,2.8,17.9,76.60%,5,97,367,6,21,46,3.8,28.2,7.5,133,4.5,600,6,0
122,Gabriel Davis\DaviGa01,BUF,21,WR,16,11,62,35,599,17.1,7,27,56,2.2,37.4,56.50%,9.7,1,0,0,0,0,0,0,0.1,36,16.6,599,7,1
123,Rashard Higgins\HiggRa00,CLE,26,wr,13,6,52,37,599,16.2,4,26,43,2.8,46.1,71.20%,11.5,,,,0,,,,,37,16.2,599,4,3
124,Mecole Hardman\HardMe00,KAN,22,wr,16,8,62,41,560,13.7,4,23,49,2.6,35,66.10%,9,4,31,0,2,20,7.8,1.9,0.3,45,13.1,591,4,2
125,Boston Scott\ScotBo02,PHI,25,rb,16,4,36,25,212,8.5,1,8,18,1.6,13.3,69.40%,5.9,80,374,1,16,56,4.7,23.4,5,105,5.6,586,2,2
126,Robert Tonyan\TonyRo00,GNB,26,te,16,8,59,52,586,11.3,11,33,45,3.3,36.6,88.10%,9.9,,,,0,,,,,52,11.3,586,11,0
127,Malcolm Brown\BrowMa03,LAR,27,,16,0,33,23,162,7,0,9,30,1.4,10.1,69.70%,4.9,101,419,5,28,19,4.1,26.2,6.3,124,4.7,581,5,1
128,Zack Moss\MossZa00,BUF,23,,13,0,18,14,95,6.8,1,5,20,1.1,7.3,77.80%,5.3,112,481,4,30,31,4.3,37,8.6,126,4.6,576,5,0
129,Jerick McKinnon\McKiJe00,SFO,28,rb,16,4,46,33,253,7.7,1,12,26,2.1,15.8,71.70%,5.5,81,319,5,16,55,3.9,19.9,5.1,114,5,572,6,0
130,Hayden Hurst\HursHa00,ATL,27,te,16,9,88,56,571,10.2,6,35,42,3.5,35.7,63.60%,6.5,,,,0,,,,,56,10.2,571,6,0
131,Joe Mixon\MixoJo00,CIN,24,rb,6,6,26,21,138,6.6,1,5,19,3.5,23,80.80%,5.3,119,428,3,20,34,3.6,71.3,19.8,140,4,566,4,1
132,Sony Michel\MichSo00,NWE,25,rb,9,6,9,7,114,16.3,1,5,31,0.8,12.7,77.80%,12.7,79,449,1,19,48,5.7,49.9,8.8,86,6.5,563,2,0
133,Alexander Mattison\MattAl01,MIN,22,rb,13,2,15,13,125,9.6,1,5,28,1,9.6,86.70%,8.3,96,434,2,24,25,4.5,33.4,7.4,109,5.1,559,3,0
134,Eric Ebron\EbroEr00,PIT,27,te,15,9,91,56,558,10,5,30,27,3.7,37.2,61.50%,6.1,,,,0,,,,,56,10,558,5,1
135,Taysom Hill\HillTa00,NOR,30,qb,16,8,12,8,98,12.3,1,4,21,0.5,6.1,66.70%,8.2,87,457,8,34,43,5.3,28.6,5.4,95,5.8,555,9,10
136,Travis Fulgham\FulgTr00,PHI,25,wr,13,8,67,38,539,14.2,4,26,42,2.9,41.5,56.70%,8,,,,0,,,,,38,14.2,539,4,0
137,Phillip Lindsay\LindPh00,DEN,26,rb,11,8,14,7,28,4,0,1,11,0.6,2.5,50.00%,2,118,502,1,19,55,4.3,45.6,10.7,125,4.2,530,1,0
138,Michael Pittman Jr.\PittMi01,IND,23,wr,13,8,61,40,503,12.6,1,22,45,3.1,38.7,65.60%,8.2,3,26,0,1,21,8.7,2,0.2,43,12.3,529,1,0
139,Dallas Goedert\GoedDa00,PHI,25,te,11,9,65,46,524,11.4,3,28,41,4.2,47.6,70.80%,8.1,,,,0,,,,,46,11.4,524,3,0
140,A.J. Green\GreeA.00,CIN,32,WR,16,14,104,47,523,11.1,2,34,33,2.9,32.7,45.20%,5,,,,0,,,,,47,11.1,523,2,0
141,Tyler Higbee\HigbTy00,LAR,27,TE,15,15,60,44,521,11.8,5,27,44,2.9,34.7,73.30%,8.7,1,1,0,0,1,1,0.1,0.1,45,11.6,522,5,0
142,Scott Miller\MillSc01,TAM,23,wr,16,5,53,33,501,15.2,3,20,48,2.1,31.3,62.30%,9.5,3,14,0,0,7,4.7,0.9,0.2,36,14.3,515,3,0
143,Russell Wilson *\WilsRu00,SEA,32,QB,16,16,0,0,0,,0,0,0,0,0,0.00%,,83,513,2,25,38,6.2,32.1,5.2,83,6.2,513,2,7
144,Jalen Guyton\GuytJa01,LAC,23,wr,16,9,55,28,511,18.3,3,18,72,1.8,31.9,50.90%,9.3,2,0,0,0,4,0,0,0.1,30,17,511,3,0
145,Breshad Perriman\PerrBr02,NYJ,27,WR,12,12,60,30,505,16.8,3,20,53,2.5,42.1,50.00%,8.4,1,6,0,0,6,6,0.5,0.1,31,16.5,511,3,0
146,Devontae Booker\BookDe00,LVR,28,rb,16,1,21,17,84,4.9,0,2,17,1.1,5.3,81.00%,4,93,423,3,21,43,4.5,26.4,5.8,110,4.6,507,3,1
147,Jared Cook\CookJa02,NOR,33,te,15,5,60,37,504,13.6,7,27,46,2.5,33.6,61.70%,8.4,,,,0,,,,,37,13.6,504,7,1
148,Joshua Kelley\KellJo01,LAC,23,,14,0,23,23,148,6.4,0,9,35,1.6,10.6,100.00%,6.4,111,354,2,20,33,3.2,25.3,7.9,134,3.7,502,2,2
149,Henry Ruggs III\RuggHe00,LVR,21,WR,13,12,43,26,452,17.4,2,13,72,2,34.8,60.50%,10.5,9,49,0,3,12,5.4,3.8,0.7,35,14.3,501,2,2
150,Anthony Miller\MillAn02,CHI,26,wr,16,6,76,49,485,9.9,2,23,34,3.1,30.3,64.50%,6.4,2,12,0,1,9,6,0.8,0.1,51,9.7,497,2,2
151,James White\WhitJa02,NWE,28,,14,0,62,49,375,7.7,1,20,34,3.5,26.8,79.00%,6,35,121,2,6,10,3.5,8.6,2.5,84,5.9,496,3,1
152,Duke Johnson\JohnDu00,HOU,27,rb,11,5,35,28,249,8.9,1,8,48,2.5,22.6,80.00%,7.1,77,235,1,11,23,3.1,21.4,7,105,4.6,484,2,3
153,Cam Sims\SimsCa00,WAS,24,WR,16,10,48,32,477,14.9,1,18,50,2,29.8,66.70%,9.9,1,5,0,0,5,5,0.3,0.1,33,14.6,482,1,0
154,Antonio Brown\BrowAn04,TAM,32,wr,8,4,62,45,483,10.7,4,27,46,5.6,60.4,72.60%,7.8,2,-2,0,0,1,-1,-0.3,0.3,47,10.2,481,4,0
155,David Moore\MoorDa03,SEA,25,wr,16,6,47,35,417,11.9,6,18,57,2.2,26.1,74.50%,8.9,8,61,0,4,15,7.6,3.8,0.5,43,11.1,478,6,1
156,Chris Conley\ConlCh00,JAX,28,wr,15,4,63,40,471,11.8,2,24,51,2.7,31.4,63.50%,7.5,,,,0,,,,,40,11.8,471,2,1
157,Kalen Ballage\BallKa00,2TM,25,,11,2,37,29,166,5.7,0,5,21,2.6,15.1,78.40%,4.5,91,303,3,25,17,3.3,27.5,8.3,120,3.9,469,3,1
158,Allen Lazard\LazaAl00,GNB,25,wr,10,9,46,33,451,13.7,3,23,72,3.3,45.1,71.70%,9.8,2,17,0,1,19,8.5,1.7,0.2,35,13.4,468,3,0
159,Le'Veon Bell\BellLe00,2TM,28,,11,4,20,16,138,8.6,0,7,30,1.5,12.5,80.00%,6.9,82,328,2,21,16,4,29.8,7.5,98,4.8,466,2,1
160,Rex Burkhead\BurkRe00,NWE,30,,10,0,33,25,192,7.7,3,11,24,2.5,19.2,75.80%,5.8,67,274,3,18,18,4.1,27.4,6.7,92,5.1,466,6,0
161,Demarcus Robinson\RobiDe01,KAN,26,wr,16,9,59,45,466,10.4,3,26,28,2.8,29.1,76.30%,7.9,,,,0,,,,,45,10.4,466,3,2
162,John Brown\BrowJo02,BUF,30,wr,9,8,52,33,458,13.9,3,22,46,3.7,50.9,63.50%,8.8,,,,0,,,,,33,13.9,458,3,0
163,Jimmy Graham\GrahJi00,CHI,34,TE,16,15,76,50,456,9.1,8,32,30,3.1,28.5,65.80%,6,,,,0,,,,,50,9.1,456,8,1
164,Jonnu Smith\SmitJo01,TEN,25,TE,15,14,65,41,448,10.9,8,25,63,2.7,29.9,63.10%,6.9,2,4,1,1,3,2,0.3,0.1,43,10.5,452,9,0
165,Tre'Quan Smith\SmitTr03,NOR,24,WR,14,10,50,34,448,13.2,4,22,31,2.4,32,68.00%,9,1,3,0,0,3,3,0.2,0.1,35,12.9,451,4,1
166,Carlos Hyde\HydeCa00,SEA,30,rb,10,1,20,16,93,5.8,0,4,18,1.6,9.3,80.00%,4.7,81,356,4,20,50,4.4,35.6,8.1,97,4.6,449,4,1
167,Deshaun Watson *\WatsDe00,HOU,25,QB,16,16,0,0,0,,0,0,0,0,0,0.00%,,90,444,3,31,16,4.9,27.8,5.6,90,4.9,444,3,8
168,Justin Jackson\JackJu01,LAC,24,rb,9,4,24,19,173,9.1,0,7,34,2.1,19.2,79.20%,7.2,59,270,0,15,36,4.6,30,6.6,78,5.7,443,0,0
169,Randall Cobb\CobbRa00,HOU,30,wr,10,2,48,38,441,11.6,3,20,34,3.8,44.1,79.20%,9.2,,,,0,,,,,38,11.6,441,3,0
170,Michael Thomas\ThomMi05,NOR,27,wr,7,5,55,40,438,11,0,25,24,5.7,62.6,72.70%,8,1,1,0,0,1,1,0.1,0.1,41,10.7,439,0,0
171,Dan Arnold\ArnoDa00,ARI,25,te,16,5,45,31,438,14.1,4,24,59,1.9,27.4,68.90%,9.7,,,,0,,,,,31,14.1,438,4,2
172,Austin Hooper\HoopAu00,CLE,26,TE,13,13,70,46,435,9.5,4,27,36,3.5,33.5,65.70%,6.2,,,,0,,,,,46,9.5,435,4,0
173,Josh Allen *\AlleJo02,BUF,24,QB,16,16,1,1,12,12,1,1,12,0.1,0.8,100.00%,12,102,421,8,38,24,4.1,26.3,6.4,103,4.2,433,9,9
174,Willie Snead\SneaWi00,BAL,28,wr,13,8,48,33,432,13.1,3,23,34,2.5,33.2,68.80%,9,,,,0,,,,,33,13.1,432,3,1
175,Benny Snell Jr.\SnelBe00,PIT,22,rb,16,3,14,10,61,6.1,0,3,14,0.6,3.8,71.40%,4.4,111,368,4,25,30,3.3,23,6.9,121,3.5,429,4,2
176,Sammy Watkins\WatkSa00,KAN,27,wr,10,9,55,37,421,11.4,2,27,37,3.7,42.1,67.30%,7.7,1,3,0,0,3,3,0.3,0.1,38,11.2,424,2,1
177,Braxton Berrios\BerrBr00,NYJ,25,wr,16,2,55,37,394,10.6,3,19,43,2.3,24.6,67.30%,7.2,3,29,0,1,15,9.7,1.8,0.2,40,10.6,423,3,0
178,Daniel Jones\JoneDa05,NYG,23,QB,14,14,0,0,0,,0,0,0,0,0,0.00%,,65,423,1,17,80,6.5,30.2,4.6,65,6.5,423,1,11
179,Jalen Reagor\ReagJa00,PHI,21,WR,11,11,54,31,396,12.8,1,19,55,2.8,36,57.40%,7.3,4,26,0,2,19,6.5,2.4,0.4,35,12.1,422,1,2
180,KJ Hamler\HamlKJ00,DEN,21,wr,13,4,56,30,381,12.7,3,17,49,2.3,29.3,53.60%,6.8,9,40,0,2,15,4.4,3.1,0.7,39,10.8,421,3,2
181,Gerald Everett\EverGe00,LAR,26,te,16,7,62,41,417,10.2,1,24,40,2.6,26.1,66.10%,6.7,1,2,1,1,2,2,0.1,0.1,42,10,419,2,1
182,Deebo Samuel\SamuDe00,SFO,24,wr,7,5,44,33,391,11.8,1,19,35,4.7,55.9,75.00%,8.9,8,26,0,1,10,3.3,3.7,1.1,41,10.2,417,1,0
183,Tyron Johnson\JohnTy03,LAC,24,,12,0,26,20,398,19.9,3,15,55,1.7,33.2,76.90%,15.3,3,17,0,0,7,5.7,1.4,0.3,23,18,415,3,0
184,Greg Ward\WardGr02,PHI,25,WR,16,10,79,53,419,7.9,6,24,32,3.3,26.2,67.10%,5.3,2,-4,0,0,2,-2,-0.3,0.1,55,7.5,415,6,2
185,Jordan Wilkins\WilkJo01,IND,26,,15,0,16,12,105,8.8,0,3,24,0.8,7,75.00%,6.6,84,308,1,17,22,3.7,20.5,5.6,96,4.3,413,1,0
186,Larry Fitzgerald\FitzLa00,ARI,37,WR,13,13,72,54,409,7.6,1,25,18,4.2,31.5,75.00%,5.7,,,,0,,,,,54,7.6,409,1,0
187,Jordan Akins\AkinJo00,HOU,28,te,13,5,49,37,403,10.9,1,20,26,2.8,31,75.50%,8.2,1,4,0,1,4,4,0.3,0.1,38,10.7,407,1,0
188,Keke Coutee\CoutKe00,HOU,23,wr,8,4,40,33,400,12.1,3,19,64,4.1,50,82.50%,10,,,,0,,,,,33,12.1,400,3,4
189,Mo Alie-Cox\AlieMo00,IND,27,te,15,6,39,31,394,12.7,2,19,45,2.1,26.3,79.50%,10.1,,,,0,,,,,31,12.7,394,2,1
190,Richie James\JameRi00,SFO,25,wr,11,7,35,23,394,17.1,1,15,47,2.1,35.8,65.70%,11.3,,,,0,,,,,23,17.1,394,1,2
191,Jakeem Grant\GranJa00,MIA,28,wr,14,4,54,36,373,10.4,1,22,30,2.6,26.6,66.70%,6.9,3,20,0,1,29,6.7,1.4,0.2,39,10.1,393,1,2
192,James Washington\WashJa00,PIT,24,wr,16,7,56,30,392,13.1,5,19,50,1.9,24.5,53.60%,7,,,,0,,,,,30,13.1,392,5,0
193,Odell Beckham Jr.\BeckOd00,CLE,28,wr,7,7,43,23,319,13.9,3,17,43,3.3,45.6,53.50%,7.4,3,72,1,2,50,24,10.3,0.4,26,15,391,4,0
194,Golden Tate\TateGo00,NYG,32,wr,12,4,52,35,388,11.1,2,19,39,2.9,32.3,67.30%,7.5,,,,0,,,,,35,11.1,388,2,0
195,Anthony Firkser\FirkAn00,TEN,25,te,16,1,53,39,387,9.9,1,26,45,2.4,24.2,73.60%,7.3,,,,0,,,,,39,9.9,387,1,0
196,Salvon Ahmed\AhmeSa01,MIA,22,rb,6,4,14,11,61,5.5,0,2,13,1.8,10.2,78.60%,4.4,75,319,3,18,31,4.3,53.2,12.5,86,4.4,380,3,0
197,Christian McCaffrey\McCaCh01,CAR,24,rb,3,3,19,17,149,8.8,1,8,24,5.7,49.7,89.50%,7.8,59,225,5,14,15,3.8,75,19.7,76,4.9,374,6,0
198,Kerryon Johnson\JohnKe06,DET,23,rb,16,2,26,19,187,9.8,1,11,20,1.2,11.7,73.10%,7.2,52,181,2,9,14,3.5,11.3,3.3,71,5.2,368,3,1
199,Samaje Perine\PeriSa00,CIN,25,rb,16,1,12,11,66,6,0,4,15,0.7,4.1,91.70%,5.5,63,301,3,16,46,4.8,18.8,3.9,74,5,367,3,0
200,Irv Smith Jr.\SmitIr01,MIN,22,te,13,7,43,30,365,12.2,5,22,36,2.3,28.1,69.80%,8.5,,,,0,,,,,30,12.2,365,5,0
201,Cordarrelle Patterson*\PattCo00,CHI,29,wr,16,3,25,21,132,6.3,0,7,25,1.3,8.3,84.00%,5.3,64,232,1,12,13,3.6,14.5,4,85,4.3,364,1,0
202,Jalen Hurts\HurtJa00,PHI,22,qb,15,4,1,1,3,3,0,0,3,0.1,0.2,100.00%,3,63,354,3,25,24,5.6,23.6,4.2,64,5.6,357,3,9
203,Denzel Mims\MimsDe00,NYJ,23,wr,9,8,44,23,357,15.5,0,15,30,2.6,39.7,52.30%,8.1,,,,0,,,,,23,15.5,357,0,0
204,Ty Johnson\JohnTy02,2TM,23,,13,1,21,16,99,6.2,1,6,18,1.2,7.6,76.20%,4.7,54,254,1,11,34,4.7,19.5,4.2,70,5,353,2,0
205,Matt Breida\BreiMa00,MIA,25,rb,12,1,10,9,96,10.7,0,5,31,0.8,8,90.00%,9.6,59,254,0,11,24,4.3,21.2,4.9,68,5.1,350,0,2
206,Quintez Cephus\CephQu00,DET,22,wr,13,2,35,20,349,17.5,2,16,49,1.5,26.8,57.10%,10,,,,0,,,,,20,17.5,349,2,0
207,Tyler Eifert\EifeTy00,JAX,30,te,15,4,60,36,349,9.7,2,22,28,2.4,23.3,60.00%,5.8,,,,0,,,,,36,9.7,349,2,0
208,Mark Ingram\IngrMa01,BAL,31,rb,11,9,8,6,50,8.3,0,2,18,0.5,4.5,75.00%,6.3,72,299,2,14,30,4.2,27.2,6.5,78,4.5,349,2,0
209,Drew Sample\SampDr00,CIN,24,TE,16,13,53,40,349,8.7,1,16,23,2.5,21.8,75.50%,6.6,,,,0,,,,,40,8.7,349,1,1
210,Richard Rodgers\RodgRi00,PHI,28,te,14,4,31,24,345,14.4,2,16,33,1.7,24.6,77.40%,11.1,,,,0,,,,,24,14.4,345,2,0
211,Ito Smith\SmitIt00,ATL,25,,14,0,26,17,75,4.4,0,3,17,1.2,5.4,65.40%,2.9,63,268,1,8,24,4.3,19.1,4.5,80,4.3,343,1,1
212,Kenny Golladay\GollKe00,DET,27,wr,5,5,32,20,338,16.9,2,16,48,4,67.6,62.50%,10.6,,,,0,,,,,20,16.9,338,2,0
213,Julian Edelman\EdelJu00,NWE,34,wr,6,1,39,21,315,15,0,18,49,3.5,52.5,53.80%,8.1,2,22,0,1,23,11,3.7,0.3,23,14.7,337,0,0
214,Zach Ertz\ErtzZa00,PHI,30,TE,11,11,72,36,335,9.3,1,16,42,3.3,30.5,50.00%,4.7,,,,0,,,,,36,9.3,335,1,0
215,Kyle Rudolph\RudoKy00,MIN,31,TE,12,12,37,28,334,11.9,1,16,25,2.3,27.8,75.70%,9,,,,0,,,,,28,11.9,334,1,1
216,Darren Fells\FellDa01,HOU,34,TE,16,14,28,21,312,14.9,4,16,44,1.3,19.5,75.00%,11.1,,,,0,,,,,21,14.9,312,4,0
217,N'Keal Harry\HarrNK00,NWE,23,wr,14,9,57,33,309,9.4,2,15,30,2.4,22.1,57.90%,5.4,2,0,0,0,2,0,0,0.1,35,8.8,309,2,1
218,Patrick Mahomes *\MahoPa00,KAN,25,QB,15,15,2,0,0,,0,0,0,0,0,0.00%,0,62,308,2,22,24,5,20.5,4.1,62,5,308,2,5
219,Donovan Peoples-Jones\PeopDo00,CLE,21,wr,12,2,20,14,304,21.7,2,10,75,1.2,25.3,70.00%,15.2,,,,0,,,,,14,21.7,304,2,0
220,Marvin Hall\HallMa02,2TM,27,,12,6,32,18,302,16.8,2,10,73,1.5,25.2,56.30%,9.4,1,1,0,0,1,1,0.1,0.1,19,15.9,303,2,0
221,La'Mical Perine\PeriLa00,NYJ,22,,10,0,15,11,63,5.7,0,3,14,1.1,6.3,73.30%,4.2,64,232,2,18,20,3.6,23.2,6.4,75,3.9,295,2,0
222,DaeSean Hamilton\HamiDa01,DEN,25,wr,16,2,44,23,293,12.7,2,16,40,1.4,18.3,52.30%,6.7,,,,0,,,,,23,12.7,293,2,1
223,Isaiah McKenzie\McKeIs00,BUF,25,wr,16,7,34,30,282,9.4,5,17,46,1.9,17.6,88.20%,8.3,10,9,0,2,14,0.9,0.6,0.6,40,7.3,291,5,0
224,Dawson Knox\KnoxDa00,BUF,24,te,12,7,44,24,288,12,3,14,36,2,24,54.50%,6.5,,,,0,,,,,24,12,288,3,2
225,Preston Williams\WillPr01,MIA,23,wr,8,7,35,18,288,16,4,14,47,2.3,36,51.40%,8.2,,,,0,,,,,18,16,288,4,0
226,Chris Herndon\HernCh00,NYJ,24,TE,16,13,45,31,287,9.3,3,17,26,1.9,17.9,68.90%,6.4,,,,0,,,,,31,9.3,287,3,2
227,Darrel Williams\WillDa10,KAN,25,,16,0,26,18,116,6.4,0,6,15,1.1,7.3,69.20%,4.5,39,169,1,14,13,4.3,10.6,2.4,57,5,285,1,0
228,Steven Sims\SimsSt00,WAS,23,wr,12,2,37,27,265,9.8,1,13,30,2.3,22.1,73.00%,7.2,1,18,0,1,18,18,1.5,0.1,28,10.1,283,1,5
229,Cameron Brate\BratCa00,TAM,29,te,16,1,34,28,282,10.1,2,17,25,1.8,17.6,82.40%,8.3,,,,0,,,,,28,10.1,282,2,0
230,Teddy Bridgewater\BridTe00,CAR,28,QB,15,15,0,0,0,,0,0,0,0,0,0.00%,,53,279,5,18,18,5.3,18.6,3.5,53,5.3,279,5,6
231,Isaiah Ford\FordIs00,MIA,24,wr,10,1,44,28,276,9.9,0,18,18,2.8,27.6,63.60%,6.3,,,,0,,,,,28,9.9,276,0,0
232,Carson Wentz\WentCa00,PHI,28,QB,12,12,0,0,0,,0,0,0,0,0,0.00%,,52,276,5,25,40,5.3,23,4.3,52,5.3,276,5,10
233,Olamide Zaccheaus\ZaccOl01,ATL,23,wr,11,2,32,20,274,13.7,1,16,51,1.8,24.9,62.50%,8.6,1,0,0,0,0,0,0,0.1,21,13,274,1,0
234,Collin Johnson\JohnCo01,JAX,23,,14,0,31,18,272,15.1,2,12,46,1.3,19.4,58.10%,8.8,,,,0,,,,,18,15.1,272,2,0
235,Devin Duvernay\DuveDe00,BAL,23,wr,16,3,26,20,201,10.1,0,8,39,1.3,12.6,76.90%,7.7,4,70,0,3,42,17.5,4.4,0.3,24,11.3,271,0,0
236,Peyton Barber\BarbPe01,WAS,26,rb,16,2,7,4,12,3,0,1,7,0.3,0.8,57.10%,1.7,94,258,4,26,15,2.7,16.1,5.9,98,2.8,270,4,0
237,Miles Boykin\BoykMi00,BAL,24,WR,16,13,33,19,266,14,4,14,43,1.2,16.6,57.60%,8.1,,,,0,,,,,19,14,266,4,0
238,Kyle Juszczyk*\JuszKy00,SFO,29,FB,16,15,29,19,202,10.6,4,10,41,1.2,12.6,65.50%,7,17,64,2,12,10,3.8,4,1.1,36,7.4,266,6,1
239,Ryan Tannehill\TannRy00,TEN,32,QB,16,16,1,1,0,0,0,0,0,0.1,0,100.00%,0,43,266,7,22,45,6.2,16.6,2.7,44,6,266,7,6
240,AJ Dillon\DillAJ00,GNB,22,,11,0,2,2,21,10.5,0,1,16,0.2,1.9,100.00%,10.5,46,242,2,11,30,5.3,22,4.2,48,5.5,263,2,0
241,James O'Shaughnessy\O'ShJa00,JAX,28,TE,15,13,38,28,262,9.4,0,12,26,1.9,17.5,73.70%,6.9,,,,0,,,,,28,9.4,262,0,0
242,Jalen Richard\RichJa01,LVR,27,,13,0,23,19,138,7.3,0,5,19,1.5,10.6,82.60%,6,22,123,1,7,20,5.6,9.5,1.7,41,6.4,261,1,1
243,Jeremy McNichols\McNiJe00,TEN,25,,16,0,17,12,55,4.6,0,0,9,0.8,3.4,70.60%,3.2,47,204,1,8,20,4.3,12.8,2.9,59,4.4,259,1,0
244,Alfred Morris\MorrAl00,NYG,32,,9,0,4,3,19,6.3,1,2,9,0.3,2.1,75.00%,4.8,55,238,1,13,20,4.3,26.4,6.1,58,4.4,257,2,0
245,Marcus Johnson\JohnMa07,IND,26,,11,3,28,14,255,18.2,0,11,55,1.3,23.2,50.00%,9.1,,,,0,,,,,14,18.2,255,0,0
246,Trey Burton\BurtTr01,IND,29,te,13,4,47,28,250,8.9,3,14,20,2.2,19.2,59.60%,5.3,2,3,2,2,2,1.5,0.2,0.2,30,8.4,253,5,0
247,Will Dissly\DissWi00,SEA,24,TE,16,12,29,24,251,10.5,2,12,28,1.5,15.7,82.80%,8.7,,,,0,,,,,24,10.5,251,2,0
248,Jack Doyle\DoylJa00,IND,30,TE,14,12,33,23,251,10.9,3,13,28,1.6,17.9,69.70%,7.6,,,,0,,,,,23,10.9,251,3,1
249,Royce Freeman\FreeRo00,DEN,24,,16,0,13,12,81,6.8,0,4,28,0.8,5.1,92.30%,6.2,35,170,0,10,23,4.9,10.6,2.2,47,5.3,251,0,0
250,DeSean Jackson\JackDe00,PHI,34,wr,5,5,26,14,236,16.9,1,10,81,2.8,47.2,53.80%,9.1,1,12,0,1,12,12,2.4,0.2,15,16.5,248,1,0
251,Ross Dwelley\DwelRo00,SFO,25,te,16,9,24,19,245,12.9,1,10,36,1.2,15.3,79.20%,10.2,,,,0,,,,,19,12.9,245,1,0
252,Lynn Bowden Jr.\BowdLy00,MIA,23,rb,10,4,37,28,211,7.5,0,13,22,2.8,21.1,75.70%,5.7,9,32,0,3,11,3.6,3.2,0.9,37,6.6,243,0,0
253,Dion Lewis\LewiDi00,NYG,30,,16,0,30,19,127,6.7,1,8,17,1.2,7.9,63.30%,4.2,29,115,2,8,19,4,7.2,1.8,48,5,242,3,3
254,Cole Kmet\KmetCo00,CHI,21,te,16,9,44,28,243,8.7,2,12,38,1.8,15.2,63.60%,5.5,1,-3,0,0,-3,-3,-0.2,0.1,29,8.3,240,2,1
255,Greg Olsen\OlseGr00,SEA,35,te,11,8,37,24,239,10,1,16,22,2.2,21.7,64.90%,6.5,,,,0,,,,,24,10,239,1,0
256,Harrison Bryant\BryaHa00,CLE,22,te,15,9,38,24,238,9.9,3,14,35,1.6,15.9,63.20%,6.3,,,,0,,,,,24,9.9,238,3,2
257,Deonte Harris\HarrDe07,NOR,23,wr,9,2,25,20,186,9.3,1,10,40,2.2,20.7,80.00%,7.4,6,51,0,2,23,8.5,5.7,0.7,26,9.1,237,1,3
258,Chad Hansen\HansCh00,HOU,25,wr,5,2,24,17,236,13.9,1,11,38,3.4,47.2,70.80%,9.8,,,,0,,,,,17,13.9,236,1,0
259,Justin Herbert\HerbJu00,LAC,22,QB,15,15,0,0,0,,0,0,0,0,0,0.00%,,55,234,5,20,31,4.3,15.6,3.7,55,4.3,234,5,8
260,Jordan Reed\ReedJo02,SFO,30,te,10,1,46,26,231,8.9,4,16,26,2.6,23.1,56.50%,5,,,,0,,,,,26,8.9,231,4,0
261,Devonta Freeman\FreeDe00,NYG,28,,5,4,10,7,58,8.3,0,3,18,1.4,11.6,70.00%,5.8,54,172,1,9,14,3.2,34.4,10.8,61,3.8,230,1,0
262,Adam Humphries\HumpAd00,TEN,27,wr,7,1,35,23,228,9.9,2,11,23,3.3,32.6,65.70%,6.5,,,,0,,,,,23,9.9,228,2,0
263,DeeJay Dallas\DallDe00,SEA,22,rb,12,2,20,17,111,6.5,1,5,13,1.4,9.3,85.00%,5.6,34,108,2,9,13,3.2,9,2.8,51,4.3,219,3,0
264,Van Jefferson\JeffVa00,LAR,24,,16,0,31,19,220,11.6,1,11,31,1.2,13.8,61.30%,7.1,1,-1,0,0,-1,-1,-0.1,0.1,20,11,219,1,1
265,Andy Isabella\IsabAn00,ARI,24,wr,13,2,35,21,224,10.7,2,10,54,1.6,17.2,60.00%,6.4,1,-6,0,0,-6,-6,-0.5,0.1,22,9.9,218,2,1
266,Sam Darnold\DarnSa00,NYJ,23,QB,12,12,0,0,0,,0,0,0,0,0,0.00%,,37,217,2,13,46,5.9,18.1,3.1,37,5.9,217,2,4
267,Rodney Smith\SmitRo08,CAR,24,rb,7,1,11,9,59,6.6,0,1,12,1.3,8.4,81.80%,5.4,41,156,1,14,13,3.8,22.3,5.9,50,4.3,215,1,1
268,Marquez Callaway\CallMa01,NOR,22,wr,11,3,27,21,213,10.1,0,10,27,1.9,19.4,77.80%,7.9,,,,0,,,,,21,10.1,213,0,0
269,David Njoku\NjokDa00,CLE,24,te,13,5,29,19,213,11.2,2,13,28,1.5,16.4,65.50%,7.3,,,,0,,,,,19,11.2,213,2,0
270,Isaiah Wright\WrigIs01,WAS,23,wr,14,6,35,27,197,7.3,0,10,22,1.9,14.1,77.10%,5.6,3,16,0,0,9,5.3,1.1,0.2,30,7.1,213,0,3
271,Jacob Hollister\HollJa03,SEA,27,te,16,5,40,25,209,8.4,3,14,20,1.6,13.1,62.50%,5.2,,,,0,,,,,25,8.4,209,3,0
272,Durham Smythe\SmytDu00,MIA,25,TE,15,13,29,26,208,8,2,13,19,1.7,13.9,89.70%,7.2,,,,0,,,,,26,8,208,2,0
273,Chad Beebe\BeebCh00,MIN,26,,14,0,30,20,201,10.1,2,12,40,1.4,14.4,66.70%,6.7,,,,0,,,,,20,10.1,201,2,2
274,Ryan Izzo\IzzoRy00,NWE,25,TE,12,12,20,13,199,15.3,0,6,50,1.1,16.6,65.00%,10,,,,0,,,,,13,15.3,199,0,1
275,Dare Ogunbowale\OgunDa00,JAX,26,rb,14,2,20,10,54,5.4,0,4,12,0.7,3.9,50.00%,2.7,32,145,0,6,25,4.5,10.4,2.3,42,4.7,199,0,0
276,Mitchell Trubisky\TrubMi00,CHI,26,qb,10,9,0,0,0,,0,0,0,0,0,0.00%,,33,195,1,12,45,5.9,19.5,3.3,33,5.9,195,1,6
277,Tyler Conklin\ConkTy00,MIN,25,te,16,2,26,19,194,10.2,1,11,30,1.2,12.1,73.10%,7.5,,,,0,,,,,19,10.2,194,1,1
278,Bryan Edwards\EdwaBr01,LVR,22,wr,12,3,15,11,193,17.5,1,9,34,0.9,16.1,73.30%,12.9,,,,0,,,,,11,17.5,193,1,0
279,Mohamed Sanu\SanuMo00,2TM,31,,10,4,24,17,187,11,1,13,21,1.7,18.7,70.80%,7.8,1,3,0,1,3,3,0.3,0.1,18,10.6,190,1,0
280,Olabisi Johnson\JohnOl00,MIN,23,wr,16,3,19,14,189,13.5,0,9,29,0.9,11.8,73.70%,9.9,,,,0,,,,,14,13.5,189,0,0
281,Trayveon Williams\WillTr06,CIN,23,,10,0,5,5,30,6,0,1,13,0.5,3,100.00%,6,26,157,0,5,55,6,15.7,2.6,31,6,187,0,1
282,Josh Adams\AdamJo03,NYJ,24,,8,0,8,6,29,4.8,0,2,11,0.8,3.6,75.00%,3.6,29,157,2,10,25,5.4,19.6,3.6,35,5.3,186,2,0
283,Kalif Raymond\RaymKa00,TEN,26,wr,15,3,15,9,187,20.8,0,7,61,0.6,12.5,60.00%,12.5,1,-3,0,0,-3,-3,-0.2,0.1,10,18.4,184,0,0
284,Jamycal Hasty\HastJa02,SFO,24,,8,0,8,7,33,4.7,0,0,16,0.9,4.1,87.50%,4.1,39,148,1,7,20,3.8,18.5,4.9,46,3.9,181,1,1
285,KhaDarel Hodge\HodgKh00,CLE,25,,9,0,17,11,180,16.4,0,11,42,1.2,20,64.70%,10.6,,,,0,,,,,11,16.4,180,0,0
286,D'Ernest Johnson\JohnDE04,CLE,24,,16,0,4,3,14,4.7,0,0,5,0.2,0.9,75.00%,3.5,33,166,0,7,28,5,10.4,2.1,36,5,180,0,1
287,Travis Homer\HomeTr00,SEA,22,,9,0,10,9,90,10,1,4,50,1,10,90.00%,9,25,88,0,2,12,3.5,9.8,2.8,34,5.2,178,1,0
288,Cedrick Wilson Jr.\WilsCe01,DAL,25,,16,0,28,17,189,11.1,2,10,42,1.1,11.8,60.70%,6.8,3,-12,0,0,-1,-4,-0.8,0.2,20,8.9,177,2,0
289,Mack Hollins\HollMa00,MIA,27,wr,16,2,25,16,176,11,1,7,34,1,11,64.00%,7,,,,0,,,,,16,11,176,1,1
290,KeeSean Johnson\JohnKe07,ARI,24,wr,8,1,23,15,173,11.5,0,7,45,1.9,21.6,65.20%,7.5,,,,0,,,,,15,11.5,173,0,0
291,Baker Mayfield\MayfBa00,CLE,25,QB,16,16,1,1,6,6,0,1,6,0.1,0.4,100.00%,6,54,165,1,18,28,3.1,10.3,3.4,55,3.1,171,1,8
292,Adam Trautman\TrauAd00,NOR,23,te,15,6,16,15,171,11.4,1,9,41,1,11.4,93.80%,10.7,,,,0,,,,,15,11.4,171,1,0
293,Tyler Johnson\JohnTy00,TAM,22,wr,14,3,17,12,169,14.1,2,9,35,0.9,12.1,70.60%,9.9,,,,0,,,,,12,14.1,169,2,0
294,John Hightower\HighJo00,PHI,24,wr,13,4,29,10,167,16.7,0,5,59,0.8,12.8,34.50%,5.8,1,1,0,0,1,1,0.1,0.1,11,15.3,168,0,0
295,Anthony McFarland Jr.\McFaAn00,PIT,21,,11,0,9,6,54,9,0,1,17,0.5,4.9,66.70%,6,33,113,0,4,20,3.4,10.3,3,39,4.3,167,0,0
296,Jeff Smith\SmitJe03,NYJ,23,wr,12,4,37,17,167,9.8,0,9,21,1.4,13.9,45.90%,4.5,,,,0,,,,,17,9.8,167,0,0
297,Chris Thompson\ThomCh03,JAX,30,,8,0,23,20,146,7.3,1,5,15,2.5,18.3,87.00%,6.3,7,20,0,1,5,2.9,2.5,0.9,27,6.1,166,1,0
298,Pharaoh Brown\BrowPh01,HOU,26,te,13,9,16,14,163,11.6,2,9,29,1.1,12.5,87.50%,10.2,,,,0,,,,,14,11.6,163,2,0
299,Dontrelle Inman\InmaDo00,WAS,31,,10,2,28,18,163,9.1,2,11,17,1.8,16.3,64.30%,5.8,,,,0,,,,,18,9.1,163,2,1
300,Darwin Thompson\ThomDa06,KAN,23,rb,14,1,11,7,65,9.3,1,3,37,0.5,4.6,63.60%,5.9,27,97,1,7,14,3.6,6.9,1.9,34,4.8,162,2,2
301,Drew Lock\LockDr00,DEN,24,QB,13,13,0,0,0,,0,0,0,0,0,0.00%,,44,160,3,13,16,3.6,12.3,3.4,44,3.6,160,3,8
302,Byron Pringle\PrinBy00,KAN,27,wr,13,3,17,13,160,12.3,1,9,37,1,12.3,76.50%,9.4,,,,0,,,,,13,12.3,160,1,0
303,Donald Parham\ParhDo00,LAC,23,te,13,5,20,10,159,15.9,3,8,26,0.8,12.2,50.00%,8,,,,0,,,,,10,15.9,159,3,0
304,Freddie Swain\SwaiFr00,SEA,22,wr,16,1,21,13,159,12.2,2,6,23,0.8,9.9,61.90%,7.6,,,,0,,,,,13,12.2,159,2,0
305,Noah Brown\BrowNo00,DAL,24,wr,16,1,24,14,154,11,0,6,20,0.9,9.6,58.30%,6.4,1,4,0,0,4,4,0.3,0.1,15,10.5,158,0,0
306,Kirk Cousins\CousKi00,MIN,32,QB,16,16,0,0,0,,0,0,0,0,0,0.00%,,32,156,1,16,16,4.9,9.8,2,32,4.9,156,1,9
307,Zay Jones\JoneZa00,LVR,25,wr,16,2,20,14,154,11,1,6,37,0.9,9.6,70.00%,7.7,,,,0,,,,,14,11,154,1,0
308,Gardner Minshew II\MinsGa00,JAX,24,qb,9,8,1,1,0,0,0,0,0,0.1,0,100.00%,0,29,153,1,10,16,5.3,17,3.2,30,5.1,153,1,5
309,Tyler Ervin\ErviTy00,GNB,27,,8,0,15,11,84,7.6,0,6,24,1.4,10.5,73.30%,5.6,13,67,0,4,21,5.2,8.4,1.6,24,6.3,151,0,0
310,Ryan Fitzpatrick\FitzRy00,MIA,38,qb,9,7,1,1,0,0,0,0,0,0.1,0,100.00%,0,30,151,2,12,17,5,16.8,3.3,31,4.9,151,2,2
311,Adam Shaheen\ShahAd00,MIA,26,te,16,5,22,12,150,12.5,3,9,43,0.8,9.4,54.50%,6.8,,,,0,,,,,12,12.5,150,3,0
312,Auden Tate\TateAu00,CIN,23,wr,9,2,22,14,150,10.7,0,9,19,1.6,16.7,63.60%,6.8,,,,0,,,,,14,10.7,150,0,0
313,Alex Erickson\EricAl01,CIN,28,wr,16,2,17,12,139,11.6,0,5,42,0.8,8.7,70.60%,8.2,5,7,0,0,7,1.4,0.4,0.3,17,8.6,146,0,2
314,O.J. Howard\HowaO.00,TAM,26,te,4,1,19,11,146,13.3,2,8,33,2.8,36.5,57.90%,7.7,,,,0,,,,,11,13.3,146,2,0
315,Ian Thomas\ThomIa00,CAR,24,te,16,8,31,20,145,7.3,1,11,21,1.3,9.1,64.50%,4.7,,,,0,,,,,20,7.3,145,1,1
316,Kenny Stills\StilKe00,HOU,28,,10,0,19,11,144,13.1,1,8,24,1.1,14.4,57.90%,7.6,,,,0,,,,,11,13.1,144,1,0
317,Aaron Rodgers *\RodgAa00,GNB,37,QB,16,16,1,1,-6,-6,0,0,-6,0.1,-0.4,100.00%,-6,38,149,3,15,14,3.9,9.3,2.4,39,3.7,143,3,4
318,Ke'Shawn Vaughn\VaugKe00,TAM,23,,10,0,10,5,34,6.8,1,2,13,0.5,3.4,50.00%,3.4,26,109,0,5,19,4.2,10.9,2.6,31,4.6,143,1,1
319,Joe Burrow\BurrJo01,CIN,24,QB,10,10,0,0,0,,0,0,0,0,0,0.00%,,37,142,3,14,23,3.8,14.2,3.7,37,3.8,142,3,9
320,Ray-Ray McCloud\McClRa00,PIT,24,wr,16,2,22,20,77,3.9,0,3,13,1.3,4.8,90.90%,3.5,4,65,0,1,58,16.3,4.1,0.3,24,5.9,142,0,2
321,Christian Blake\BlakCh00,ATL,24,,16,0,18,13,141,10.8,0,6,25,0.8,8.8,72.20%,7.8,,,,0,,,,,13,10.8,141,0,0
322,Derek Carr\CarrDe02,LVR,29,QB,16,16,0,0,0,,0,0,0,0,0,0.00%,,39,140,3,16,18,3.6,8.8,2.4,39,3.6,140,3,11
323,Patrick Laird\LairPa00,MIA,25,,16,0,12,10,68,6.8,0,3,17,0.6,4.3,83.30%,5.7,13,72,0,4,17,5.5,4.5,0.8,23,6.1,140,0,1
324,Foster Moreau\MoreFo00,LVR,23,te,16,2,9,7,140,20,2,5,47,0.4,8.8,77.80%,15.6,,,,0,,,,,7,20,140,2,0
325,Mike Thomas\ThomMi04,CIN,26,,14,0,21,13,132,10.2,1,7,29,0.9,9.4,61.90%,6.3,1,1,0,0,1,1,0.1,0.1,14,9.5,133,1,1
326,LeSean McCoy\McCoLe01,TAM,32,,10,0,19,15,101,6.7,0,3,15,1.5,10.1,78.90%,5.3,10,31,0,2,14,3.1,3.1,1,25,5.3,132,0,0
327,Jesse James\JameJe00,DET,26,te,16,7,22,14,129,9.2,2,6,31,0.9,8.1,63.60%,5.9,,,,0,,,,,14,9.2,129,2,0
328,Ty Montgomery\MontTy01,NOR,27,rb,6,1,6,3,27,9,0,1,17,0.5,4.5,50.00%,4.5,19,101,0,4,36,5.3,16.8,3.2,22,5.8,128,0,0
329,De'Michael Harris\HarrDe11,IND,22,,7,0,10,10,79,7.9,0,3,21,1.4,11.3,100.00%,7.9,6,46,0,3,19,7.7,6.6,0.9,16,7.8,125,0,0
330,Equanimeous St. Brown\St.BEq00,GNB,24,wr,12,1,13,7,117,16.7,1,6,24,0.6,9.8,53.80%,9,1,7,0,1,7,7,0.6,0.1,8,15.5,124,1,0
331,Jamal Agnew\AgneJa00,DET,25,wr,14,2,20,13,89,6.8,0,4,20,0.9,6.4,65.00%,4.5,6,33,0,3,11,5.5,2.4,0.4,19,6.4,122,0,2
332,Albert Okwuegbunam\OkwuAl00,DEN,22,,4,0,15,11,121,11,1,6,27,2.8,30.3,73.30%,8.1,,,,0,,,,,11,11,121,1,0
333,DeAndre Washington\WashDe00,2TM,27,,4,1,10,5,30,6,0,2,10,1.3,7.5,50.00%,3,31,91,0,2,16,2.9,22.8,7.8,36,3.4,121,0,0
334,Cameron Batson\BatsCa00,TEN,25,wr,12,1,13,12,100,8.3,1,7,18,1,8.3,92.30%,7.7,4,20,0,2,11,5,1.7,0.3,16,7.5,120,1,1
335,Tyler Kroft\KrofTy00,BUF,28,te,10,4,16,12,119,9.9,3,9,38,1.2,11.9,75.00%,7.4,,,,0,,,,,12,9.9,119,3,0
336,Chris Hogan\HogaCh00,NYJ,33,,5,4,26,14,118,8.4,0,6,27,2.8,23.6,53.80%,4.5,,,,0,,,,,14,8.4,118,0,0
337,Troymaine Pope\PopeTr00,LAC,27,,6,0,10,8,42,5.3,0,1,11,1.3,7,80.00%,4.2,15,76,0,3,26,5.1,12.7,2.5,23,5.1,118,0,0
338,Tarik Cohen\CoheTa00,CHI,25,,3,0,9,6,41,6.8,0,1,20,2,13.7,66.70%,4.6,14,74,0,3,17,5.3,24.7,4.7,20,5.8,115,0,0
339,C.J. Ham\HamxC.00,MIN,27,FB,15,11,13,8,97,12.1,1,6,30,0.5,6.5,61.50%,7.5,5,18,0,2,10,3.6,1.2,0.3,13,8.8,115,1,0
340,Alshon Jeffery\JeffAl00,PHI,30,wr,7,2,13,6,115,19.2,1,5,39,0.9,16.4,46.20%,8.8,,,,0,,,,,6,19.2,115,1,0
341,Alec Ingold\IngoAl01,LVR,24,fb,16,4,17,12,110,9.2,1,9,23,0.8,6.9,70.60%,6.5,3,4,0,2,3,1.3,0.3,0.2,15,7.6,114,1,0
342,Jace Sternberger\SterJa00,GNB,24,,12,0,15,12,114,9.5,1,6,27,1,9.5,80.00%,7.6,,,,0,,,,,12,9.5,114,1,0
343,J.J. Taylor\TaylJJ01,NWE,22,,6,0,2,1,4,4,0,0,4,0.2,0.7,50.00%,2,23,110,0,5,28,4.8,18.3,3.8,24,4.8,114,0,0
344,Nick Boyle\BoylNi00,BAL,27,te,9,9,17,14,113,8.1,2,8,21,1.6,12.6,82.40%,6.6,,,,0,,,,,14,8.1,113,2,0
345,Blake Bell\BellBl00,DAL,29,te,16,2,15,11,110,10,0,7,24,0.7,6.9,73.30%,7.3,1,2,0,1,2,2,0.1,0.1,12,9.3,112,0,0
346,Kaden Smith\SmitKa00,NYG,23,TE,15,12,21,18,112,6.2,0,8,16,1.2,7.5,85.70%,5.3,,,,0,,,,,18,6.2,112,0,1
347,Matthew Stafford\StafMa00,DET,32,QB,16,16,1,0,0,,0,0,0,0,0,0.00%,0,29,112,0,12,17,3.9,7,1.8,29,3.9,112,0,2
348,Andy Dalton\DaltAn00,DAL,33,qb,11,9,1,1,-3,-3,0,0,-3,0.1,-0.3,100.00%,-3,28,114,0,11,13,4.1,10.4,2.5,29,3.8,111,0,2
349,Tua Tagovailoa\TagoTu00,MIA,22,qb,10,9,0,0,0,,0,0,0,0,0,0.00%,,36,109,3,13,17,3,10.9,3.6,36,3,109,3,1
350,Marcedes Lewis\LewiMa00,GNB,36,TE,15,15,17,10,107,10.7,3,6,36,0.7,7.1,58.80%,6.3,,,,0,,,,,10,10.7,107,3,0
351,Stephen Anderson\AndeSt01,LAC,27,te,16,3,11,8,106,13.3,0,7,23,0.5,6.6,72.70%,9.6,,,,0,,,,,8,13.3,106,0,0
352,Quez Watkins\WatkQu00,PHI,22,,6,0,13,7,106,15.1,1,4,43,1.2,17.7,53.80%,8.2,,,,0,,,,,7,15.1,106,1,0
353,C.J. Board\BoarC.00,NYG,27,wr,14,4,16,11,101,9.2,0,6,16,0.8,7.2,68.80%,6.3,1,3,0,0,3,3,0.2,0.1,12,8.7,104,0,0
354,Dak Prescott\PresDa01,DAL,27,qb,5,5,1,1,11,11,1,1,11,0.2,2.2,100.00%,11,18,93,3,8,12,5.2,18.6,3.6,19,5.5,104,4,3
355,Maxx Williams\WillMa04,ARI,26,te,9,8,10,8,102,12.8,1,4,42,0.9,11.3,80.00%,10.2,,,,0,,,,,8,12.8,102,1,0
356,Ameer Abdullah\AbduAm00,MIN,27,,16,0,9,8,58,7.3,2,4,22,0.5,3.6,88.90%,6.4,8,42,0,4,13,5.3,2.6,0.5,16,6.3,100,2,0
357,Corey Clement\ClemCo00,PHI,26,,15,0,6,5,25,5,0,2,12,0.3,1.7,83.30%,4.2,21,75,1,3,7,3.6,5,1.4,26,3.8,100,1,0
358,D'Onta Foreman\ForeDO00,TEN,24,,6,0,1,1,5,5,1,1,5,0.2,0.8,100.00%,5,22,95,0,6,15,4.3,15.8,3.7,23,4.3,100,1,0
359,Jared Goff\GoffJa00,LAR,26,QB,15,15,0,0,0,,0,0,0,0,0,0.00%,,51,99,4,12,10,1.9,6.6,3.4,51,1.9,99,4,7
360,Vance McDonald\McDoVa00,PIT,30,TE,14,12,20,15,99,6.6,0,4,15,1.1,7.1,75.00%,5,,,,0,,,,,15,6.6,99,0,0
361,Malcolm Perry\PerrMa00,MIA,23,rb,9,2,13,9,92,10.2,1,4,25,1,10.2,69.20%,7.1,3,5,0,1,6,1.7,0.6,0.3,12,8.1,97,1,1
362,Nick Vannett\VannNi00,DEN,27,TE,15,11,21,14,95,6.8,1,6,19,0.9,6.3,66.70%,4.5,,,,0,,,,,14,6.8,95,1,0
363,Saquon Barkley\BarkSa00,NYG,23,rb,2,2,9,6,60,10,0,3,38,3,30,66.70%,6.7,19,34,0,1,18,1.8,17,9.5,25,3.8,94,0,0
364,Justin Watson\WatsJu01,TAM,24,wr,11,2,11,7,94,13.4,0,5,36,0.6,8.5,63.60%,8.5,,,,0,,,,,7,13.4,94,0,0
365,Darrell Daniels\DaniDa02,ARI,26,te,12,8,11,8,92,11.5,1,4,31,0.7,7.7,72.70%,8.4,,,,0,,,,,8,11.5,92,1,0
366,Matt Ryan\RyanMa00,ATL,35,QB,16,16,0,0,0,,0,0,0,0,0,0.00%,,29,92,2,8,16,3.2,5.8,1.8,29,3.2,92,2,6
367,T.J. Yeldon\YeldT.00,BUF,27,,3,0,4,1,22,22,1,1,22,0.3,7.3,25.00%,5.5,10,70,0,5,34,7,23.3,3.3,11,8.4,92,1,1
368,Austin Mack\MackAu01,NYG,23,wr,11,1,11,7,91,13,0,5,50,0.6,8.3,63.60%,8.3,,,,0,,,,,7,13,91,0,0
369,Marcus Mariota\MariMa01,LVR,27,,1,0,0,0,0,,0,0,0,0,0,0.00%,,9,88,1,8,26,9.8,88,9,9,9.8,88,1,0
370,Reggie Bonnafon\BonnRe00,CAR,24,,2,0,2,2,18,9,1,2,15,1,9,100.00%,9,12,69,0,4,22,5.8,34.5,6,14,6.2,87,1,0
371,Parris Campbell\CampPa00,IND,23,wr,2,2,9,6,71,11.8,0,4,21,3,35.5,66.70%,7.9,2,16,0,2,9,8,8,1,8,10.9,87,0,0
372,Tevin Coleman\ColeTe01,SFO,27,rb,8,1,5,4,34,8.5,0,2,18,0.5,4.3,80.00%,6.8,28,53,0,3,12,1.9,6.6,3.5,32,2.7,87,0,0
373,C.J. Uzomah\UzomC.00,CIN,27,te,2,2,11,8,87,10.9,1,6,23,4,43.5,72.70%,7.9,,,,0,,,,,8,10.9,87,1,0
374,Ryan Griffin\GrifRy00,NYJ,30,te,15,6,12,9,86,9.6,0,4,23,0.6,5.7,75.00%,7.2,,,,0,,,,,9,9.6,86,0,0
375,Trent Taylor\TaylTr02,SFO,26,wr,12,1,21,10,86,8.6,0,5,29,0.8,7.2,47.60%,4.1,,,,0,,,,,10,8.6,86,0,0
376,JJ Arcega-Whiteside\ArceJJ00,PHI,24,,8,0,8,4,85,21.3,0,4,37,0.5,10.6,50.00%,10.6,,,,0,,,,,4,21.3,85,0,0
377,Gunner Olszewski\OlszGu00,NWE,24,wr,13,2,5,5,62,12.4,1,3,38,0.4,4.8,100.00%,12.4,5,23,0,1,12,4.6,1.8,0.4,10,8.5,85,1,1
378,Geoff Swaim\SwaiGe00,TEN,27,te,10,8,12,9,83,9.2,1,6,16,0.9,8.3,75.00%,6.9,,,,0,,,,,9,9.2,83,1,0
379,Antonio Williams\WillAn03,BUF,23,,1,0,1,1,20,20,0,1,20,1,20,100.00%,20,12,63,2,4,18,5.3,63,12,13,6.4,83,2,0
380,Alex Collins\CollAl00,SEA,26,,3,1,2,1,4,4,0,0,4,0.3,1.3,50.00%,2,18,77,2,5,13,4.3,25.7,6,19,4.3,81,2,0
381,Darrynton Evans\EvanDa02,TEN,22,,5,0,4,2,27,13.5,1,2,24,0.4,5.4,50.00%,6.8,14,54,0,2,9,3.9,10.8,2.8,16,5.1,81,1,0
382,Troy Fumagalli\FumaTr00,DEN,25,,8,0,15,8,80,10,1,6,29,1,10,53.30%,5.3,,,,0,,,,,8,10,80,1,0
383,Justice Hill\HillJu00,BAL,23,,12,0,5,5,20,4,0,0,8,0.4,1.7,100.00%,4,12,60,0,2,19,5,5,1,17,4.7,80,0,0
384,Dante Pettis\PettDa00,2TM,25,,7,1,6,4,76,19,1,3,33,0.6,10.9,66.70%,12.7,,,,0,,,,,4,19,76,1,1
385,Brandon Powell\PoweBr00,ATL,25,wr,15,1,18,12,69,5.8,2,5,13,0.8,4.6,66.70%,3.8,2,7,0,0,4,3.5,0.5,0.1,14,5.4,76,2,2
386,Malik Taylor\TaylMa01,GNB,25,wr,15,1,6,5,66,13.2,1,4,26,0.3,4.4,83.30%,11,1,9,0,0,9,9,0.6,0.1,6,12.5,75,1,0
387,Jaylen Samuels\SamuJa00,PIT,24,rb,14,1,14,9,46,5.1,0,2,12,0.6,3.3,64.30%,3.3,9,28,0,1,6,3.1,2,0.6,18,4.1,74,0,0
388,Pharoh Cooper\CoopPh00,CAR,25,wr,16,1,8,5,73,14.6,0,3,32,0.3,4.6,62.50%,9.1,,,,0,,,,,5,14.6,73,0,1
389,K.J. Hill\HillKJ00,LAC,23,,15,0,11,7,73,10.4,0,2,25,0.5,4.9,63.60%,6.6,,,,0,,,,,7,10.4,73,0,1
390,Mike Boone\BoonMi00,MIN,25,,16,0,2,2,10,5,0,0,6,0.1,0.6,100.00%,5,11,59,1,2,19,5.4,3.7,0.7,13,5.3,69,1,0
391,Robert Griffin III\GrifRo01,BAL,30,qb,4,1,0,0,0,,0,0,0,0,0,0.00%,,12,69,0,4,39,5.8,17.3,3,12,5.8,69,0,1
392,Jason Witten\WittJa00,LVR,38,te,16,7,17,13,69,5.3,2,8,15,0.8,4.3,76.50%,4.1,,,,0,,,,,13,5.3,69,2,0
393,Buddy Howell\HoweGr00,HOU,24,,14,0,2,1,3,3,0,0,3,0.1,0.2,50.00%,1.5,16,64,0,2,9,4,4.6,1.1,17,3.9,67,0,0
394,Ryan Nall\NallRy00,CHI,25,,16,0,9,8,67,8.4,1,5,18,0.5,4.2,88.90%,7.4,3,0,0,0,0,0,0,0.2,11,6.1,67,1,0
395,Ryan Finley\FinlRy00,CIN,26,qb,5,1,0,0,0,,0,0,0,0,0,0.00%,,11,66,1,4,23,6,13.2,2.2,11,6,66,1,0
396,Keith Smith\SmitKe03,ATL,28,fb,16,7,15,11,59,5.4,0,4,13,0.7,3.7,73.30%,3.9,4,7,0,4,3,1.8,0.4,0.3,15,4.4,66,0,0
397,Courtland Sutton\SuttCo00,DEN,25,wr,1,1,6,3,66,22,0,2,45,3,66,50.00%,11,,,,0,,,,,3,22,66,0,0
398,Ashton Dulin\DuliAs00,IND,23,,13,0,6,3,53,17.7,0,2,34,0.2,4.1,50.00%,8.8,2,11,0,0,8,5.5,0.8,0.2,5,12.8,64,0,1
399,Tyrie Cleveland\ClevTy00,DEN,23,,10,0,9,6,63,10.5,0,4,17,0.6,6.3,66.70%,7,,,,0,,,,,6,10.5,63,0,0
400,Nick Keizer\KeizNi00,KAN,25,te,16,3,9,6,63,10.5,0,2,22,0.4,3.9,66.70%,7,,,,0,,,,,6,10.5,63,0,1
401,Damion Ratley\RatlDa00,NYG,25,,5,0,10,4,63,15.8,0,2,29,0.8,12.6,40.00%,6.3,,,,0,,,,,4,15.8,63,0,1
402,Luke Stocker\StocLu00,ATL,32,TE,16,13,11,7,63,9,0,4,25,0.4,3.9,63.60%,5.7,,,,0,,,,,7,9,63,0,0
403,Ja'Marcus Bradley\BradJa01,CLE,24,wr,3,1,11,5,60,12,0,2,22,1.7,20,45.50%,5.5,,,,0,,,,,5,12,60,0,0
404,Steven Mitchell\MitcSt02,HOU,26,wr,6,1,8,5,60,12,0,3,20,0.8,10,62.50%,7.5,,,,0,,,,,5,12,60,0,0
405,Jaydon Mickens\MickJa01,TAM,26,,10,0,10,7,58,8.3,0,6,11,0.7,5.8,70.00%,5.8,,,,0,,,,,7,8.3,58,0,0
406,Jordan Howard\HowaJo00,2TM,26,,7,4,1,1,-3,-3,0,0,0,0.1,-0.4,100.00%,-3,35,60,4,7,11,1.7,8.6,5,36,1.6,57,4,1
407,Theo Riddick\RiddTh00,LVR,29,,4,0,6,5,43,8.6,0,1,15,1.3,10.8,83.30%,7.2,6,14,0,1,11,2.3,3.5,1.5,11,5.2,57,0,0
408,Marlon Mack\MackMa00,IND,24,rb,1,1,3,3,30,10,0,1,19,3,30,100.00%,10,4,26,0,2,18,6.5,26,4,7,8,56,0,0
409,John Wolford\WolfJo00,LAR,25,qb,1,1,0,0,0,,0,0,0,0,0,0.00%,,6,56,0,4,14,9.3,56,6,6,9.3,56,0,0
410,Cethan Carter\CartCe00,CIN,25,te,15,5,7,5,53,10.6,0,3,24,0.3,3.5,71.40%,7.6,,,,0,,,,,5,10.6,53,0,0
411,Johnny Mundt\MundJo00,LAR,26,te,16,1,4,4,53,13.3,0,1,34,0.3,3.3,100.00%,13.3,,,,0,,,,,4,13.3,53,0,0
412,Chris Manhertz\ManhCh00,CAR,28,TE,16,12,8,6,52,8.7,0,1,17,0.4,3.3,75.00%,6.5,,,,0,,,,,6,8.7,52,0,0
413,Virgil Green\GreeVi00,LAC,32,te,6,3,6,3,50,16.7,1,2,26,0.5,8.3,50.00%,8.3,,,,0,,,,,3,16.7,50,1,0
414,Dontrell Hilliard\HillDo00,2TM,25,,7,0,1,1,2,2,0,0,2,0.1,0.3,100.00%,2,9,48,0,3,19,5.3,6.9,1.3,10,5,50,0,0
415,Trent Sherfield\SherTr00,ARI,24,wr,15,1,7,5,50,10,0,2,26,0.3,3.3,71.40%,7.1,,,,0,,,,,5,10,50,0,0
416,Javon Wims\WimsJa00,CHI,26,wr,13,1,12,6,48,8,1,4,13,0.5,3.7,50.00%,4,1,2,0,0,2,2,0.2,0.1,7,7.1,50,1,0
417,Isaiah Zuber\ZubeIs00,NWE,23,,4,0,2,2,29,14.5,0,1,16,0.5,7.3,100.00%,14.5,2,21,0,2,13,10.5,5.3,0.5,4,12.5,50,0,0
418,Trenton Cannon\CannTr00,CAR,26,,14,0,3,3,16,5.3,0,1,19,0.2,1.1,100.00%,5.3,10,33,0,2,13,3.3,2.4,0.7,13,3.8,49,0,0
419,MyCole Pruitt\PruiMy00,TEN,28,te,11,4,8,5,49,9.8,2,4,22,0.5,4.5,62.50%,6.1,,,,0,,,,,5,9.8,49,2,0
420,Laquon Treadwell\TreaLa00,ATL,25,,5,0,7,6,49,8.2,2,4,14,1.2,9.8,85.70%,7,,,,0,,,,,6,8.2,49,2,0
421,Dez Bryant\BryaDe01,BAL,32,,6,0,11,6,47,7.8,2,3,16,1,7.8,54.50%,4.3,,,,0,,,,,6,7.8,47,2,0
422,Michael Burton\BurtMi00,NOR,28,fb,15,4,4,4,28,7,0,1,12,0.3,1.9,100.00%,7,7,18,0,6,7,2.6,1.2,0.5,11,4.2,46,0,0
423,Dwayne Haskins\HaskDw00,WAS,23,,7,6,0,0,0,,0,0,0,0,0,0.00%,,20,46,1,6,19,2.3,6.6,2.9,20,2.3,46,1,6
424,Josh Hill\HillJo02,NOR,30,te,14,7,10,8,46,5.8,1,4,16,0.6,3.3,80.00%,4.6,,,,0,,,,,8,5.8,46,1,1
425,Lil'Jordan Humphrey\HumpLi01,NOR,22,wr,3,1,5,3,46,15.3,1,3,17,1,15.3,60.00%,9.2,,,,0,,,,,3,15.3,46,1,0
426,Darrius Shepherd\ShepDa00,GNB,25,,8,0,8,5,46,9.2,0,1,19,0.6,5.8,62.50%,5.8,,,,0,,,,,5,9.2,46,0,1
427,Levine Toilolo\ToilLe00,NYG,29,te,16,2,6,5,46,9.2,0,3,14,0.3,2.9,83.30%,7.7,,,,0,,,,,5,9.2,46,0,0
428,Shawn Williams\WillSh02,CIN,29,,13,0,0,0,0,,0,0,0,0,0,0.00%,,2,46,0,2,39,23,3.5,0.2,2,23,46,0,0
429,Demetrius Harris\HarrDe03,CHI,29,te,15,5,14,7,45,6.4,0,2,9,0.5,3,50.00%,3.2,,,,0,,,,,7,6.4,45,0,0
430,Diontae Spencer\SpenDi00,DEN,28,,11,0,6,3,26,8.7,0,1,10,0.3,2.4,50.00%,4.3,3,19,0,1,9,6.3,1.7,0.3,6,7.5,45,0,2
431,Hunter Bryant\BryaHu02,DET,22,,5,0,3,1,44,44,0,1,44,0.2,8.8,33.30%,14.7,,,,0,,,,,1,44,44,0,0
432,Patrick Ricard*\RicaPa00,BAL,26,FB,15,10,12,9,45,5,1,3,11,0.6,3,75.00%,3.8,1,-1,0,0,-1,-1,-0.1,0.1,10,4.4,44,1,1
433,Devine Ozigbo\OzigDe01,JAX,24,,8,0,9,9,42,4.7,0,3,12,1.1,5.3,100.00%,4.7,1,1,0,0,1,1,0.1,0.1,10,4.3,43,0,0
434,River Cracraft\CracRi00,SFO,26,wr,9,1,9,6,41,6.8,0,2,12,0.7,4.6,66.70%,4.6,,,,0,,,,,6,6.8,41,0,0
435,Tanner Hudson\HudsTa00,TAM,26,,11,0,7,3,41,13.7,0,3,20,0.3,3.7,42.90%,5.9,,,,0,,,,,3,13.7,41,0,0
436,Ted Ginn Jr.\GinnTe00,CHI,35,,6,0,6,3,40,13.3,0,1,29,0.5,6.7,50.00%,6.7,,,,0,,,,,3,13.3,40,0,1
437,Devin Asiasi\AsiaDe00,NWE,23,te,9,3,7,2,39,19.5,1,2,26,0.2,4.3,28.60%,5.6,,,,0,,,,,2,19.5,39,1,0
438,Khari Blasingame\BlasKh00,TEN,24,fb,15,7,5,4,39,9.8,0,2,16,0.3,2.6,80.00%,7.8,,,,0,,,,,4,9.8,39,0,0
439,Juwan Johnson\JohnJu02,NOR,24,wr,7,4,10,4,39,9.8,0,3,19,0.6,5.6,40.00%,3.9,,,,0,,,,,4,9.8,39,0,0
440,Riley Ridley\RidlRi00,CHI,24,wr,5,1,4,4,39,9.8,0,3,18,0.8,7.8,100.00%,9.8,,,,0,,,,,4,9.8,39,0,0
441,Robert Foster\FostRo01,WAS,26,wr,4,2,6,2,37,18.5,0,2,28,0.5,9.3,33.30%,6.2,,,,0,,,,,2,18.5,37,0,0
442,C.J. Prosise\ProsC.00,HOU,26,,10,0,5,5,18,3.6,1,1,10,0.5,1.8,100.00%,3.6,10,19,0,0,7,1.9,1.9,1,15,2.5,37,1,1
443,Charlie Woerner\WoerCh00,SFO,23,,14,0,4,3,36,12,0,2,18,0.2,2.6,75.00%,9,,,,0,,,,,3,12,36,0,0
444,Deon Yelder\YeldDe00,KAN,25,te,14,1,11,7,36,5.1,0,2,12,0.5,2.6,63.60%,3.3,,,,0,,,,,7,5.1,36,0,0
445,Brandon Zylstra\ZylsBr00,CAR,27,wr,16,2,4,3,35,11.7,0,3,28,0.2,2.2,75.00%,8.8,1,1,0,0,1,1,0.1,0.1,4,9,36,0,0
446,Lawrence Cager\CageLa01,NYJ,23,wr,2,1,6,2,35,17.5,0,2,19,1,17.5,33.30%,5.8,,,,0,,,,,2,17.5,35,0,0
447,Terry Godwin\GodwTe00,JAX,24,,3,0,6,3,32,10.7,0,2,21,1,10.7,50.00%,5.3,1,3,0,0,3,3,1,0.3,4,8.8,35,0,0
448,Jakob Johnson\JohnJa12,NWE,26,FB,16,11,9,8,35,4.4,1,3,12,0.5,2.2,88.90%,3.9,,,,0,,,,,8,4.4,35,1,1
449,Elijhaa Penny\PennEl00,NYG,27,,14,0,3,2,20,10,0,1,11,0.1,1.4,66.70%,6.7,6,15,0,4,5,2.5,1.1,0.4,8,4.4,35,0,0
450,Lee Smith\SmitLe00,BUF,33,te,10,2,6,4,35,8.8,2,3,27,0.4,3.5,66.70%,5.8,,,,0,,,,,4,8.8,35,2,0
451,Kahale Warring\WarrKa00,HOU,23,,7,0,7,3,35,11.7,0,2,23,0.4,5,42.90%,5,,,,0,,,,,3,11.7,35,0,0
452,Rashaad Penny\PennRa00,SEA,24,,3,0,0,0,0,,0,0,0,0,0,0.00%,,11,34,0,1,7,3.1,11.3,3.7,11,3.1,34,0,0
453,Artavis Pierce\PierAr00,CHI,24,,5,0,0,0,0,,0,0,0,0,0,0.00%,,6,34,1,2,23,5.7,6.8,1.2,6,5.7,34,1,0
454,Nick Westbrook-Ikhine\WestNi00,TEN,23,wr,14,1,8,3,33,11,0,3,19,0.2,2.4,37.50%,4.1,,,,0,,,,,3,11,33,0,0
455,Gabe Nabers\NabeGa00,LAC,23,rb,16,5,7,5,25,5,2,2,9,0.3,1.6,71.40%,3.6,2,7,0,1,4,3.5,0.4,0.1,7,4.6,32,2,0
456,Daniel Brown\BrowDa04,NYJ,28,wr,16,1,2,2,31,15.5,0,2,18,0.1,1.9,100.00%,15.5,,,,0,,,,,2,15.5,31,0,0
457,Andre Roberts*\RobeAn00,BUF,32,,15,0,5,4,34,8.5,0,2,16,0.3,2.3,80.00%,6.8,1,-3,0,0,-3,-3,-0.2,0.1,5,6.2,31,0,3
458,Seth Roberts\RobeSe00,CAR,29,,7,1,6,4,31,7.8,0,2,12,0.6,4.4,66.70%,5.2,,,,0,,,,,4,7.8,31,0,0
459,Bo Scarbrough\ScarBo01,SEA,26,,1,0,0,0,0,,0,0,0,0,0,0.00%,,6,31,0,1,12,5.2,31,6,6,5.2,31,0,0
460,Austin Walter\WaltAu00,SFO,24,,4,0,1,1,27,27,0,1,27,0.3,6.8,100.00%,27,1,3,0,0,3,3,0.8,0.3,2,15,30,0,0
461,Jeremy Chinn\ChinJe00,CAR,22,FS,15,15,0,0,0,,0,0,0,0,0,0.00%,,2,29,0,1,28,14.5,1.9,0.1,2,14.5,29,0,0
462,Joe Reed\ReedJo03,LAC,22,,11,0,1,0,0,,0,0,0,0,0,0.00%,0,5,29,1,1,8,5.8,2.6,0.5,5,5.8,29,1,0
463,C.J. Beathard\BeatC.00,SFO,27,qb,6,2,0,0,0,,0,0,0,0,0,0.00%,,6,28,0,1,17,4.7,4.7,1,6,4.7,28,0,3
464,Jeff Driskel\DrisJe00,DEN,27,qb,3,1,0,0,0,,0,0,0,0,0,0.00%,,6,28,0,3,9,4.7,9.3,2,6,4.7,28,0,0
465,Garrett Gilbert\GilbGa01,DAL,29,qb,1,1,0,0,0,,0,0,0,0,0,0.00%,,3,28,0,2,15,9.3,28,3,3,9.3,28,0,0
466,Josh Malone\MaloJo00,NYJ,24,,4,0,6,4,16,4,0,1,13,1,4,66.70%,2.7,1,12,0,1,12,12,3,0.3,5,5.6,28,0,0
467,Brandon Allen\AlleBr00,CIN,28,qb,5,5,1,0,0,,0,0,0,0,0,0.00%,0,13,27,0,5,4,2.1,5.4,2.6,13,2.1,27,0,1
468,Alex Armah\ArmaAl00,CAR,26,fb,16,1,9,5,18,3.6,0,1,14,0.3,1.1,55.60%,2,6,9,0,5,3,1.5,0.6,0.4,11,2.5,27,0,0
469,Austin Carr\CarrAu00,NOR,27,,6,0,4,3,27,9,1,3,11,0.5,4.5,75.00%,6.8,,,,0,,,,,3,9,27,1,0
470,Kyle Allen\AlleKy00,WAS,24,qb,4,4,0,0,0,,0,0,0,0,0,0.00%,,7,26,1,3,13,3.7,6.5,1.8,7,3.7,26,1,1
471,Dominique Dafney\DafnDo00,GNB,23,te,5,2,2,2,26,13,1,2,13,0.4,5.2,100.00%,13,,,,0,,,,,2,13,26,1,0
472,Zeke Turner\TurnZe00,ARI,24,,16,0,1,1,26,26,0,1,26,0.1,1.6,100.00%,26,,,,0,,,,,1,26,26,0,0
473,Jonathan Williams\WillJo07,DET,26,,5,0,4,4,21,5.3,0,2,10,0.8,4.2,100.00%,5.3,1,5,0,0,5,5,1,0.2,5,5.2,26,0,1
474,Antonio Gandy-Golden\GandAn00,WAS,22,wr,6,2,7,1,3,3,0,0,3,0.2,0.5,14.30%,0.4,1,22,0,1,22,22,3.7,0.2,2,12.5,25,0,0
475,Jimmy Garoppolo\GaroJi00,SFO,29,qb,6,6,0,0,0,,0,0,0,0,0,0.00%,,10,25,0,3,9,2.5,4.2,1.7,10,2.5,25,0,2
476,Jaeden Graham\GrahJa01,ATL,25,,16,0,5,3,25,8.3,0,1,11,0.2,1.6,60.00%,5,,,,0,,,,,3,8.3,25,0,0
477,Rico Dowdle\DowdRi01,DAL,22,,15,0,0,0,0,,0,0,0,0,0,0.00%,,7,24,0,1,7,3.4,1.6,0.5,7,3.4,24,0,0
478,Tommy Stevens\StevTo01,CAR,24,,1,0,0,0,0,,0,0,0,0,0,0.00%,,4,24,0,2,10,6,24,4,4,6,24,0,0
479,Clayton Fejedelem\FejeCl00,MIA,27,,13,0,0,0,0,,0,0,0,0,0,0.00%,,2,23,0,2,22,11.5,1.8,0.2,2,11.5,23,0,0
480,Daurice Fountain\FounDa00,IND,25,,5,0,3,2,23,11.5,0,2,12,0.4,4.6,66.70%,7.7,,,,0,,,,,2,11.5,23,0,0
481,Tyler Huntley\HuntTy01,BAL,22,,2,0,0,0,0,,0,0,0,0,0,0.00%,,10,23,0,1,19,2.3,11.5,5,10,2.3,23,0,0
482,Ben DiNucci\DiNuBe00,DAL,24,qb,3,1,0,0,0,,0,0,0,0,0,0.00%,,6,22,0,2,10,3.7,7.3,2,6,3.7,22,0,4
483,Joe Flacco\FlacJo00,NYJ,35,qb,5,4,0,0,0,,0,0,0,0,0,0.00%,,6,22,0,3,9,3.7,4.4,1.2,6,3.7,22,0,1
484,Penny Hart\HartPe01,SEA,24,,13,0,1,1,3,3,0,0,3,0.1,0.2,100.00%,3,1,19,0,1,19,19,1.5,0.1,2,11,22,0,0
485,Taylor Heinicke\HeinTa00,WAS,27,,1,0,0,0,0,,0,0,0,0,0,0.00%,,3,22,0,2,12,7.3,22,3,3,7.3,22,0,0
486,Jake Kumerow\KumeJa00,BUF,28,,6,0,1,1,22,22,1,1,22,0.2,3.7,100.00%,22,,,,0,,,,,1,22,22,1,0
487,Tavon Austin\AustTa00,GNB,30,,4,0,5,5,20,4,0,1,7,1.3,5,100.00%,4,,,,0,,,,,5,4,20,0,1
488,Antonio Callaway\CallAn00,MIA,23,wr,5,1,4,2,20,10,0,1,13,0.4,4,50.00%,5,,,,0,,,,,2,10,20,0,0
489,Joshua Dobbs\DobbJo00,PIT,25,,1,0,0,0,0,,0,0,0,0,0,0.00%,,2,20,0,1,13,10,20,2,2,10,20,0,0
490,Jacoby Brissett\BrisJa00,IND,28,,11,0,0,0,0,,0,0,0,0,0,0.00%,,17,19,3,9,5,1.1,1.7,1.5,17,1.1,19,3,0
491,Deontay Burnett\BurnDe00,PHI,23,,2,0,4,3,19,6.3,0,1,10,1.5,9.5,75.00%,4.8,,,,0,,,,,3,6.3,19,0,0
492,Jason Huntley\HuntJa01,PHI,22,,5,0,2,1,0,0,0,0,0,0.2,0,50.00%,0,5,19,0,1,10,3.8,3.8,1,6,3.2,19,0,0
493,Tommylee Lewis\LewiTo00,NOR,28,,5,0,3,1,5,5,0,0,5,0.2,1,33.30%,1.7,2,14,0,1,16,7,2.8,0.4,3,6.3,19,0,0
494,Donte Moncrief\MoncDo00,NWE,27,,6,0,2,1,15,15,0,1,15,0.2,2.5,50.00%,7.5,1,4,0,1,4,4,0.7,0.2,2,9.5,19,0,0
495,David Blough\BlouDa00,DET,25,,1,0,0,0,0,,0,0,0,0,0,0.00%,,1,18,0,1,18,18,18,1,1,18,18,0,0
496,Mike Glennon\GlenMi00,JAX,31,qb,5,5,0,0,0,,0,0,0,0,0,0.00%,,6,17,0,2,4,2.8,3.4,1.2,6,2.8,17,0,2
497,Andy Janovich\JanoAn00,CLE,27,fb,14,3,5,2,13,6.5,0,1,13,0.1,0.9,40.00%,2.6,2,4,0,1,2,2,0.3,0.1,4,4.3,17,0,0
498,Trace McSorley\McSoTr00,BAL,25,,2,0,0,0,0,,0,0,0,0,0,0.00%,,5,17,0,2,9,3.4,8.5,2.5,5,3.4,17,0,0
499,John Ross\RossJo00,CIN,25,wr,3,1,7,2,17,8.5,0,1,15,0.7,5.7,28.60%,2.4,,,,0,,,,,2,8.5,17,0,0
500,LeVante Bellamy\BellLe02,DEN,24,,5,0,1,1,5,5,0,0,5,0.2,1,100.00%,5,4,11,0,0,8,2.8,2.2,0.8,5,3.2,16,0,0
501,Chase Daniel\DaniCh00,DET,34,,4,0,0,0,0,,0,0,0,0,0,0.00%,,2,16,0,1,11,8,4,0.5,2,8,16,0,0
502,Blaine Gabbert\GabbBl00,TAM,31,,4,0,0,0,0,,0,0,0,0,0,0.00%,,9,16,0,0,16,1.8,4,2.3,9,1.8,16,0,1
503,Reggie Gilliam\GillRe00,BUF,23,,14,0,2,2,16,8,1,2,15,0.1,1.1,100.00%,8,,,,0,,,,,2,8,16,1,0
504,Dalton Keene\KeenDa00,NWE,21,,6,0,5,3,16,5.3,0,0,8,0.5,2.7,60.00%,3.2,,,,0,,,,,3,5.3,16,0,1
505,Colby Parkinson\ParkCo02,SEA,21,,6,0,2,2,16,8,0,2,10,0.3,2.7,100.00%,8,,,,0,,,,,2,8,16,0,0
506,Scottie Phillips\PhilSc01,HOU,23,,8,0,1,1,7,7,0,0,7,0.1,0.9,100.00%,7,2,9,0,0,5,4.5,1.1,0.3,3,5.3,16,0,0
507,Eric Saubert\SaubEr00,JAX,26,te,8,4,4,3,16,5.3,0,0,9,0.4,2,75.00%,4,,,,0,,,,,3,5.3,16,0,0
508,Jaleel Scott\ScotJa02,NYJ,25,wr,1,1,1,1,16,16,0,1,16,1,16,100.00%,16,,,,0,,,,,1,16,16,0,0
509,Chris Streveler\StreCh00,ARI,25,,5,0,0,0,0,,0,0,0,0,0,0.00%,,4,15,0,2,12,3.8,3,0.8,4,3.8,15,0,1
510,Dwayne Washington\WashDw00,NOR,26,,11,0,0,0,0,,0,0,0,0,0,0.00%,,8,15,0,0,5,1.9,1.4,0.7,8,1.9,15,0,0
511,Nick Bellore*\BellNi01,SEA,31,,16,0,1,1,9,9,0,1,9,0.1,0.6,100.00%,9,1,5,0,0,5,5,0.3,0.1,2,7,14,0,0
512,Derek Carrier\CarrDe00,LVR,30,,16,0,1,1,14,14,0,1,14,0.1,0.9,100.00%,14,,,,0,,,,,1,14,14,0,0
513,James Proche\ProcJa00,BAL,24,,14,0,3,1,14,14,0,1,14,0.1,1,33.30%,4.7,,,,0,,,,,1,14,14,0,0
514,Tony Jones\JoneTo04,NOR,23,rb,1,1,0,0,0,,0,0,0,0,0,0.00%,,3,13,0,1,6,4.3,13,3,3,4.3,13,0,0
515,Keith Kirkwood\KirkKe00,CAR,26,,1,0,2,1,13,13,0,0,13,1,13,50.00%,6.5,,,,0,,,,,1,13,13,0,0
516,Jake Luton\LutoJa00,JAX,24,qb,3,3,0,0,0,,0,0,0,0,0,0.00%,,1,13,1,1,13,13,4.3,0.3,1,13,13,1,2
517,Siran Neal\NealSi00,BUF,26,,16,0,1,1,13,13,0,1,13,0.1,0.8,100.00%,13,,,,0,,,,,1,13,13,0,0
518,Anthony Sherman\SherAn00,KAN,32,rb,13,1,2,1,5,5,1,1,5,0.1,0.4,50.00%,2.5,3,8,0,2,6,2.7,0.6,0.2,4,3.3,13,1,0
519,Vyncint Smith\SmitVy00,NYJ,24,,7,0,3,1,13,13,0,1,13,0.1,1.9,33.30%,4.3,,,,0,,,,,1,13,13,0,0
520,Josiah Deguara\DeguJo00,GNB,23,te,2,1,2,1,12,12,0,1,12,0.5,6,50.00%,6,,,,0,,,,,1,12,12,0,0
521,Cody Hollister\HollCo00,TEN,27,,2,0,1,1,12,12,0,1,12,0.5,6,100.00%,12,,,,0,,,,,1,12,12,0,0
522,Blake Jarwin\JarwBl00,DAL,26,te,1,1,1,1,12,12,0,1,12,1,12,100.00%,12,,,,0,,,,,1,12,12,0,0
523,Colt McCoy\McCoCo00,NYG,34,qb,4,2,0,0,0,,0,0,0,0,0,0.00%,,9,12,0,0,4,1.3,3,2.3,9,1.3,12,0,1
524,Nate Sudfeld\SudfNa00,PHI,27,,1,0,0,0,0,,0,0,0,0,0,0.00%,,2,12,0,1,12,6,12,2,2,6,12,0,1
525,Luke Willson\WillLu00,2TM,30,,8,0,3,1,12,12,0,0,12,0.1,1.5,33.30%,4,,,,0,,,,,1,12,12,0,0
526,Stephen Carlson\CarlSt00,CLE,24,te,16,2,2,1,11,11,0,1,11,0.1,0.7,50.00%,5.5,,,,0,,,,,1,11,11,0,0
527,Bennie Fowler\FowlBe00,NOR,29,,5,0,6,2,11,5.5,0,1,7,0.4,2.2,33.30%,1.8,,,,0,,,,,2,5.5,11,0,0
528,Marcus Kemp\KempMa00,2TM,25,,11,0,1,1,11,11,0,1,11,0.1,1,100.00%,11,,,,0,,,,,1,11,11,0,0
529,Barkevious Mingo\MingBa00,CHI,30,olb,16,3,0,0,0,,0,0,0,0,0,0.00%,,1,11,0,1,11,11,0.7,0.1,1,11,11,0,0
530,Ben Roethlisberger\RoetBe00,PIT,38,QB,15,15,0,0,0,,0,0,0,0,0,0.00%,,25,11,0,3,11,0.4,0.7,1.7,25,0.4,11,0,5
531,Jonathan Ward\WardJo00,ARI,23,,14,0,1,1,11,11,1,1,11,0.1,0.8,100.00%,11,,,,0,,,,,1,11,11,1,0
532,Gehrig Dieter\DietGe00,KAN,27,,4,0,2,1,10,10,0,1,10,0.3,2.5,50.00%,5,,,,0,,,,,1,10,10,0,0
533,Ben Ellefson\ElleBe00,JAX,24,te,7,4,4,1,10,10,0,1,10,0.1,1.4,25.00%,2.5,,,,0,,,,,1,10,10,0,0
534,Temarrick Hemingway\HemiTe00,WAS,27,,8,0,2,1,10,10,0,1,10,0.1,1.3,50.00%,5,,,,0,,,,,1,10,10,0,0
535,Logan Woodside\WoodLo00,TEN,25,,6,0,0,0,0,,0,0,0,0,0,0.00%,,7,10,0,1,18,1.4,1.7,1.2,7,1.4,10,0,0
536,Chandler Cox\CoxxCh01,MIA,24,,8,3,2,2,9,4.5,0,1,6,0.3,1.1,100.00%,4.5,,,,0,,,,,2,4.5,9,0,0
537,D.J. Foster\FostD.01,ARI,27,,10,0,1,1,7,7,0,1,7,0.1,0.7,100.00%,7,2,2,0,0,2,1,0.2,0.2,3,3,9,0,0
538,Senorise Perry\PerrSe00,TEN,29,,7,0,0,0,0,,0,0,0,0,0,0.00%,,2,9,0,1,6,4.5,1.3,0.3,2,4.5,9,0,0
539,Nathan Peterman\PeteNa00,LVR,26,,1,0,0,0,0,,0,0,0,0,0,0.00%,,1,9,0,1,9,9,9,1,1,9,9,0,0
540,Jason Cabinda\CabiJa00,DET,24,mlb,16,2,3,2,8,4,0,1,4,0.1,0.5,66.70%,2.7,1,0,0,0,0,0,0,0.1,3,2.7,8,0,0
541,DeAndre Carter\CartDe02,2TM,27,,13,0,2,1,8,8,0,0,8,0.1,0.6,50.00%,4,,,,0,,,,,1,8,8,0,2
542,Charlie Heck\HeckCh00,HOU,24,t,3,1,0,0,8,,0,0,8,0,2.7,0.00%,,,,,0,,,,,0,,8,0,1
543,Brian Hoyer\HoyeBr00,NWE,35,qb,1,1,0,0,0,,0,0,0,0,0,0.00%,,1,8,0,1,8,8,8,1,1,8,8,0,1
544,Nick Mullens\MullNi00,SFO,25,qb,10,8,0,0,0,,0,0,0,0,0,0.00%,,9,8,0,1,7,0.9,0.8,0.9,9,0.9,8,0,6
545,Dexter Williams\WillDe07,GNB,23,,3,0,0,0,0,,0,0,0,0,0,0.00%,,2,8,0,0,5,4,2.7,0.7,2,4,8,0,0
546,Kendall Hinton\HintKe00,DEN,23,,1,0,0,0,0,,0,0,0,0,0,0.00%,,2,7,0,0,5,3.5,7,2,2,3.5,7,0,0
547,Craig Reynolds\ReynCr00,JAX,24,,2,0,1,1,3,3,0,0,3,0.5,1.5,100.00%,3,1,4,0,0,4,4,2,0.5,2,3.5,7,0,0
548,Max Scharping\SchaMa01,HOU,24,t,15,8,0,0,7,,0,0,7,0,0.5,0.00%,,,,,0,,,,,0,,7,0,0
549,Jarrett Stidham\StidJa00,NWE,24,,5,0,0,0,0,,0,0,0,0,0,0.00%,,7,7,0,3,6,1,1.4,1.4,7,1,7,0,0
550,Tyrod Taylor\TaylTy00,LAC,31,qb,2,1,0,0,0,,0,0,0,0,0,0.00%,,6,7,0,1,4,1.2,3.5,3,6,1.2,7,0,0
551,Colin Thompson\ThomCo03,CAR,27,te,15,4,2,1,7,7,1,1,7,0.1,0.5,50.00%,3.5,,,,0,,,,,1,7,7,1,0
552,Tom Brady\BradTo00,TAM,43,QB,16,16,0,0,0,,0,0,0,0,0,0.00%,,30,6,3,6,4,0.2,0.4,1.9,30,0.2,6,3,4
553,Brandon Dillon\DillBr00,MIN,23,,3,0,1,1,6,6,0,0,6,0.3,2,100.00%,6,,,,0,,,,,1,6,6,0,0
554,Cullen Gillaspia\GillCu00,HOU,25,,7,0,1,1,6,6,0,0,6,0.1,0.9,100.00%,6,,,,0,,,,,1,6,6,0,0
555,John Lovett\LoveJo02,GNB,24,,8,0,0,0,0,,0,0,0,0,0,0.00%,,3,6,0,0,4,2,0.8,0.4,3,2,6,0,0
556,Lamar Miller\MillLa01,CHI,29,,1,0,2,2,6,3,0,1,7,2,6,100.00%,3,,,,0,,,,,2,3,6,0,0
557,Jeremy Sprinkle\SpriJe00,WAS,26,te,16,6,3,1,6,6,0,0,6,0.1,0.4,33.30%,2,,,,0,,,,,1,6,6,0,0
558,Jake Butt\ButtJa00,DEN,25,te,5,1,4,2,5,2.5,0,0,5,0.4,1,50.00%,1.3,,,,0,,,,,2,2.5,5,0,0
559,Trenton Irwin\IrwiTr00,CIN,25,,1,0,2,1,5,5,0,0,5,1,5,50.00%,2.5,,,,0,,,,,1,5,5,0,0
560,Trevon Wesco\WescTr00,NYJ,25,te,12,4,2,1,5,5,0,0,5,0.1,0.4,50.00%,2.5,1,0,0,0,0,0,0,0.1,2,2.5,5,0,0
561,Tony Brooks-James\BrooTo01,ATL,26,,1,0,0,0,0,,0,0,0,0,0,0.00%,,3,4,0,0,4,1.3,4,3,3,1.3,4,0,0
562,Amani Hooker\HookAm00,TEN,22,fs,16,3,0,0,0,,0,0,0,0,0,0.00%,,1,4,0,1,4,4,0.3,0.1,1,4,4,0,0
563,Bobby Massie\MassBo00,CHI,31,t,8,8,1,1,4,4,0,1,4,0.1,0.5,100.00%,4,,,,0,,,,,1,4,4,0,0
564,Dede Westbrook\WestDe00,JAX,27,,2,0,1,1,4,4,0,0,4,0.5,2,100.00%,4,,,,0,,,,,1,4,4,0,1
565,Jason Croom\CrooJa00,PHI,26,,4,0,1,1,3,3,1,1,3,0.3,0.8,100.00%,3,,,,0,,,,,1,3,3,1,0
566,C.J. Moore\MoorCJ01,DET,25,,12,0,0,0,0,,0,0,0,0,0,0.00%,,1,3,0,0,3,3,0.3,0.1,1,3,3,0,0
567,Jojo Natson\NatsJo00,CLE,26,,3,0,0,0,0,,0,0,0,0,0,0.00%,,1,3,0,0,3,3,1,0.3,1,3,3,0,0
568,Isaac Nauta\NautIs00,DET,23,,7,0,2,1,3,3,0,0,3,0.1,0.4,50.00%,1.5,,,,0,,,,,1,3,3,0,0
569,Qadree Ollison\OlliQa00,ATL,24,,3,0,0,0,0,,0,0,0,0,0,0.00%,,1,3,0,1,3,3,1,0.3,1,3,3,0,0
570,Alex Smith\SmitAl03,WAS,36,qb,8,6,0,0,0,,0,0,0,0,0,0.00%,,10,3,0,0,5,0.3,0.4,1.3,10,0.3,3,0,2
571,Jordan Thomas\ThomJo05,2TM,24,,6,0,2,1,3,3,1,1,3,0.2,0.5,50.00%,1.5,,,,0,,,,,1,3,3,1,0
572,Darian Thompson\ThomDa05,DAL,27,fs,15,7,0,0,0,,0,0,0,0,0,0.00%,,1,3,0,0,3,3,0.2,0.1,1,3,3,0,0
573,Marcus Baugh\BaugMa02,WAS,26,te,8,1,1,1,2,2,0,0,2,0.1,0.3,100.00%,2,,,,0,,,,,1,2,2,0,0
574,Eric Fisher*\FishEr00,KAN,29,T,15,15,1,1,2,2,1,1,2,0.1,0.1,100.00%,2,,,,0,,,,,1,2,2,1,0
575,Myles Hartsfield\HartMy00,CAR,23,,16,0,0,0,0,,0,0,0,0,0,0.00%,,2,2,0,0,2,1,0.1,0.1,2,1,2,0,0
576,Bruce Miller\MillBr02,JAX,33,,8,5,2,1,2,2,0,1,2,0.1,0.3,50.00%,1,,,,0,,,,,1,2,2,0,0
577,Sharrod Neasman\NeasSh00,ATL,29,cb,16,2,0,0,0,,0,0,0,0,0,0.00%,,1,2,0,0,2,2,0.1,0.1,1,2,2,0,1
578,Nick Foles\FoleNi00,CHI,31,qb,9,7,0,0,0,,0,0,0,0,0,0.00%,,16,1,1,2,7,0.1,0.1,1.8,16,0.1,1,1,2
579,Jeff Heath\HeatJe00,LVR,29,ss,13,5,0,0,0,,0,0,0,0,0,0.00%,,1,1,0,1,1,1,0.1,0.1,1,1,1,0,0
580,Kendall Lamm\LammKe00,CLE,28,t,15,1,1,1,1,1,1,1,1,0.1,0.1,100.00%,1,,,,0,,,,,1,1,1,1,0
