S#,Title,Location,Date,Fatalities,Injured,Total victims,Mental Health Issues,Race,Gender
1,Las Vegas Strip mass shooting,"Las Vegas, NV",10/1/2017,58,515,573,Unclear,,
2,San Francisco UPS shooting,"San Francisco, CA",6/14/2017,3,2,5,Yes,Asian,M
3,Pennsylvania supermarket shooting,"Tunkhannock, PA",6/7/2017,3,0,3,Unclear,White,M
4,Florida awning manufacturer shooting,"Orlando, Florida",6/5/2017,5,0,5,Unclear,,M
5,Rural Ohio nursing home shooting,"Kirkersville, Ohio",5/12/2017,3,0,3,Yes,White,M
6,Fresno downtown shooting,"Fresno, California",4/18/2017,3,0,3,Unclear,Black,M
7,Fort Lauderdale airport shooting,"Fort Lauderdale, Florida",1/6/2017,5,6,11,Yes,Latino,M
8,Cascade Mall shooting,"Burlington, WA",9/23/2016,5,0,5,Yes,,M
9,Baton Rouge police shooting,"Baton Rouge, LA",7/17/2016,3,3,6,Yes,Black,M
10,Dallas police shooting,"Dallas, Texas",7/7/2016,5,11,16,Unclear,Black,M
11,Orlando nightclub massacre,"Orlando, Florida",6/12/2016,49,53,102,Unclear,Other,M
12,"Ferguson, MO Drive by","Ferguson, Missouri",4/29/2016,0,4,4,Unknown,Unknown,Unknown
13,"Forestville, Maryland Drive-by","42486, ",4/26/2016,1,4,5,Unknown,Unknown,Unknown
14,"Halifax County, VA","42484, ",4/24/2016,0,6,6,Unknown,Black American or African American,Male
15,Tire-Slashing revenge escalation,"42481, ",4/21/2016,0,4,4,Unknown,Black American or African American,Male
16,Chicago Rap video Shootout,"42479, ",4/19/2016,1,4,5,Unknown,Unknown,Unknown
17,Texas family murder-suicide,"42479, ",4/19/2016,4,0,4,Unknown,White American or European American,Male
18,Alabama highway random shooting,"42479, ",4/19/2016,1,4,4,Yes,White American or European American,Male
19,Long Beach Street murder,"42478, ",4/18/2016,0,3,4,Unknown,Unknown,Unknown
20,"Albuquerque, NM House party shooting","42469, ",4/9/2016,0,4,4,Unknown,White American or European American,Male
21,"Memphis, TN gas station shooting","42469, ",4/9/2016,0,4,4,Unknown,Unknown,Unknown
22,Chicago Birthday Party Bus Shooting,"42467, ",4/7/2016,0,5,5,Unknown,Unknown,Unknown
23,"Albuquerque, NM Family restaurant shooting","42461, ",4/1/2016,3,1,3,Unknown,Asian American,Male
24,"Richmond, Virginia","Richmond, Virginia",3/31/2016,2,2,3,Unknown,Black American or African American,Male
25,"Louisburg, North Carolina","Louisburg, North Carolina",3/26/2016,3,0,3,Unknown,Black American or African American,Male
26,"Lawrenceburg, Tennessee","Lawrenceburg, Tennessee",3/25/2016,2,2,3,Unknown,Unknown,Male
27,"Greenhill, AL Family murder-suicide","42454, ",3/25/2016,2,2,3,Yes,White American or European American,Male
28,"Sherman, Texas","Sherman, Texas",3/21/2016,4,0,3,Unknown,Unknown,Male
29,"Sherman, TX Family murder-suicide","42450, ",3/21/2016,4,0,3,Unknown,White American or European American,Male
30,"Louisville, Kentucky","Louisville, Kentucky",3/20/2016,4,0,3,Unknown,White American or European American,Male
31,"Louisville, KY Family Murder-Suicide","42449, ",3/20/2016,4,0,3,Yes,White American or European American,Male
32,"Plantation, Florida","Plantation, Florida",3/19/2016,1,4,5,Unknown,Unknown,Unknown
33,Wetumpka Drive-by,"42448, ",3/19/2016,2,2,4,Unknown,Black American or African American,Male
34,Spring Break Party shooting,"42448, ",3/19/2016,1,4,5,Unknown,Unknown,Unknown
35,Atlanta Nightclub shooting,"42444, ",3/15/2016,0,4,4,Unknown,Unknown,Unknown
36,Florida Family celebration ends in shooting,"42442, ",3/13/2016,0,4,4,Unknown,Unknown,Unknown
37,"Elberton, Georgia murder-suicide","42441, ",3/12/2016,2,2,3,Unknown,Unknown,Male
38,"Trenton, NJ sidewalk shooting","42440, ",3/11/2016,0,5,5,Unknown,Unknown,Unknown
39,Detroit Drive-by,"42440, ",3/11/2016,2,2,4,Unknown,Unknown,Unknown
40,"Pittsburgh, Pennsylvania","Pittsburgh, Pennsylvania",3/9/2016,6,3,9,Unknown,Unknown,Male
41,Wilkinsburg BBQ cookout shootout,"42438, ",3/9/2016,5,3,8,Unknown,Unknown,Male
42,"Kansas City, Kansas","Kansas City, Kansas",3/7/2016,5,0,5,Unknown,Some other race,Male
43,"Lafayette, LA drive by","42436, ",3/7/2016,0,4,4,Unknown,Unknown,Unknown
44,Kansas City Home Invasion,"42436, ",3/7/2016,4,0,4,Unknown,Some other race,Male
45,"Chelsea, Massachusetts","Chelsea, Massachusetts",3/6/2016,1,6,7,Unknown,Unknown,Male
46,"Chelsea, MA empty apartment party shooting","42435, ",3/6/2016,1,6,7,Unknown,Some other race,Male
47,"Roswell, GA Hookah shootout","42435, ",3/6/2016,0,4,4,Unknown,Black American or African American,Male
48,Wichita Nightclub shooting,"42434, ",3/5/2016,0,4,4,Unknown,Unknown,Unknown
49,Detroit Strip Club Shootout,"42428, ",2/28/2016,0,5,5,Unknown,Black American or African American,Male
50,Riverside restaurant shooting,"42428, ",2/28/2016,1,3,4,Unknown,Some other race,Male
51,"Woodbridge, Virginia","Woodbridge,  Virginia",2/27/2016,2,2,4,Unknown,Black American or African American,Male
52,"Belfair, Washington","Belfair, Washington",2/26/2016,5,0,4,Unknown,White American or European American,Male
53,Excel Industries mass shooting,"Hesston, Kansas",2/25/2016,3,14,17,Unclear,Black,M
54,"Hesston, Kansas","Hesston, Kansas",2/25/2016,4,14,17,Unknown,Black American or African American,Male
55,"Belfair, WA Family murder-suicide","42425, ",2/25/2016,5,0,4,Unknown,White American or European American,Male
56,"Glendale, Arizona","Glendale, Arizona",2/23/2016,5,0,4,Yes,Two or more races,Male
57,Arizona Family Murder,"42423, ",2/23/2016,5,0,4,Unknown,White American or European American,Male
58,Missouri Highway shooting,"42421, ",2/21/2016,1,3,4,Unknown,Black American or African American,Male
59,Houston Drive-by,"42421, ",2/21/2016,0,5,5,Unknown,Unknown,Unknown
60,Kalamazoo shooting spree,"Kalamazoo County, Michigan",2/20/2016,6,2,8,Unclear,White,M
61,"Iuka, Mississippi","Iuka, Mississippi",2/20/2016,2,3,4,Unknown,White American or European American,Male
62,"Kalamazoo, Michigan","Kalamazoo, Michigan",2/20/2016,6,2,8,Unknown,White American or European American,Male
63,Florida Hookah Bar Shooting,"42420, ",2/20/2016,1,3,4,Unknown,Unknown,Unknown
64,Kalamazoo Uber Driver Spree Killing,"42420, ",2/20/2016,6,2,8,No,White American or European American,Male
65,"Vallejo, CA car shooting","42419, ",2/19/2016,2,2,4,Unknown,Unknown,Unknown
66,Michigan school shooting,"42409, ",2/9/2016,0,3,3,Unknown,Black American or African American,Male
67,"Orlando, Florida","Orlando, Florida",2/7/2016,2,10,12,Unknown,Some other race,Male
68,Nightclub fight turns into shootout,"42407, ",2/7/2016,1,7,8,Unknown,Unknown,Unknown
69,"Tampa, FL Strip club shooting","42406, ",2/6/2016,2,6,8,Unknown,Unknown,Unknown
70,"Los Angeles, CA street shooting","42406, ",2/6/2016,1,3,4,Unknown,Unknown,Unknown
71,Texas teen commits family murder suicide,"42406, ",2/6/2016,4,0,3,Unknown,White American or European American,Male
72,New Orleans gas station shoot-out,"42400, ",1/31/2016,0,3,3,Unknown,Black American or African American,Male
73,"Glendale, AZ House Party shooting","42399, ",1/30/2016,3,5,8,Unknown,Unknown,Male
74,"Caroline County, VA Family Murder Suicide","42398, ",1/29/2016,2,2,3,Unknown,Unknown,Male
75,"Chesapeake, Virginia","Chesapeake, Virginia",1/27/2016,6,0,5,Yes,White American or European American,Male
76,"Chesapeake, VA Family Murder Suicide","42396, ",1/27/2016,6,0,5,Unknown,White American or European American,Male
77,"Perris, CA Mexican restaurant shooting","42394, ",1/25/2016,1,4,5,Unknown,Unknown,Male
78,Florida family murder,"42392, ",1/23/2016,3,0,3,Unknown,White American or European American,Male
79,Los Angeles Drive-by,"42392, ",1/23/2016,2,2,4,Unknown,Unknown,Unknown
80,"Gloucester County, VA, House Party","42386, ",1/17/2016,1,3,4,Unknown,Black American or African American,Male
81,"Wilmington, DE robbery","42380, ",1/11/2016,1,4,5,Unknown,Black American or African American,Male
82,"Roadside in Memphis, Tennessee","42376, ",1/7/2016,1,3,4,Unknown,Unknown,Unknown
83,"Residence in Lakeland, Florida","42375, ",1/6/2016,3,1,4,Unknown,Black American or African American,Male
84,"Omaha, Nebraska","Omaha, Nebraska",12/6/2015,2,3,5,Unknown,Black American or African American,Male
85,San Bernardino mass shooting,"San Bernardino, California",12/2/2015,14,21,35,Unclear,Other,M/F
86,"San Bernardino, California","San Bernardino, California",12/2/2015,16,21,35,Unknown,Asian American,Male/Female
87,Planned Parenthood clinic,"Colorado Springs, Colorado",11/27/2015,3,9,12,Unclear,White,M
88,"Colorado Springs, Colorado","Colorado Springs, Colorado",11/27/2015,3,9,12,Unknown,White American or European American,Male
89,"Columbus, Ohio","Columbus, Ohio",11/23/2015,4,1,4,Unknown,White American or European American,Male
90,"Minneapolis, Minnesota","Minneapolis, Minnesota",11/23/2015,0,5,5,Unknown,White American or European American,Male
91,"Tennessee Colony, Texas","Tennessee Colony, Texas",11/15/2015,6,0,6,Unknown,White American or European American,Male
92,"Jacksonville, Florida","Jacksonville, Florida",11/13/2015,4,1,4,Unknown,Black American or African American,Male
93,"Waycross, GA","Waycross, Georgia",11/7/2015,1,2,3,Yes,Black American or African American,Male
94,"Oakland, Maine","Oakland, Maine",11/4/2015,4,0,3,Unknown,Unknown,Male
95,Colorado Springs shooting rampage,"Colorado Springs, Colorado",10/31/2015,3,0,3,Unclear,White ,M
96,Colorado Springs,"Colorado Springs, Colorado",10/31/2015,4,0,3,Unknown,White American or European American,Male
97,"Colerain Township, Ohio","Colerain Township, Ohio",10/21/2015,2,1,3,Unknown,White American or European American,Male
98,Northern Arizona University at Flagstaff Campus,"Flagstaff, Arizona",10/9/2015,1,3,4,Unknown,White American or European American,Male
99,Umpqua Community College shooting,"Roseburg, Oregon",10/1/2015,9,9,18,Unclear,Other,Male
100,Umpqua Community College,"Roseburg, Oregon",10/1/2015,10,7,16,Unknown,Two or more races,Male
101,"Inglis, Florida","Inglis, Florida",10/1/2015,3,1,3,Unknown,White American or European American,Male
102,Hill Haven Event Center (Formerly Club CJ's),"Greenville, Georgia",9/27/2015,0,10,10,Unknown,Black American or African American,Male
103,"Platte, South Dakota","Platte, South Dakota",9/17/2015,6,0,5,Unknown,White American or European American,Male
104,"Clearbrook (Greenwood), Minnesota","Clearbrook (Greenwood), Minnesota",9/10/2015,5,0,4,Yes,White American or European American,Male
105,"Bristol, Tennessee","Bristol, Tennessee",8/29/2015,3,1,4,Unknown,White American or European American,Male
106,Virginia WDBJ live TV interview shooting,"Roanoke, Virginia",8/26/2015,3,1,3,Unknown,Black American or African American,Male
107,Parking lot near Boys and Girls Club,"Rochester, New York",8/19/2015,3,4,7,Unknown,Black American or African American,Male
108,"Houston, Texas","Houston, Texas",8/8/2015,8,0,8,Unknown,Black American or African American,Male
109,"Grand 16 Theatre, Louisiana","Lafayette, Louisiana",7/23/2015,3,9,11,Yes,White American or European American,Male
110,Suwanee,"Suwanee, Georgia",7/22/2015,4,1,4,Unknown,White American or European American,Male
111,Chattanooga military recruitment center,"Chattanooga, Tennessee",7/16/2015,5,2,7,Unclear,Other,Male
112,"Amnicola Training Center, Chattanooga","Chattanooga, Tennessee",7/16/2015,5,3,7,Yes,White American or European American,Male
113,River Forest,"River Forest, Illinois",7/12/2015,2,3,4,Unknown,Unknown,Male
114,Boom Boom Room,"Morven, North Carolina",6/20/2015,0,4,4,Unknown,Black American or African American/Unknown,Male
115,Charleston Church Shooting,"Charleston, South Carolina",6/17/2015,9,1,10,unknown,White,Male
116,Mother Emanuel AME Church,"Charleston, South Carolina",6/17/2015,9,0,9,Unknown,White American or European American,Male
117,Miami Gardens,"Miami Gardens, Florida",6/16/2015,0,4,4,Unknown,Black American or African American,Male
118,Trestle Trail bridge shooting,"Menasha, Wisconsin",6/11/2015,3,1,4,Yes,Latino,M
119,Deer Lodge,"Deer Lodge, Montana",6/7/2015,5,0,4,Unknown,White American or European American,Male
120,Cleveland,"Cleveland, Ohio",5/31/2015,3,1,3,Unknown,Unknown,Male
121,Conyers,"Conyers, Georgia",5/31/2015,3,2,4,Unknown,White American or European American,Male
122,Club Maxey's,"Decatur, Illinois",5/25/2015,1,4,5,Unknown,Black American or African American,Male
123,Tucson,"Tucson, Arizona",5/12/2015,5,0,4,Yes,Unknown,Male
124,Annual motorcycle event in Newark,"Newark, New Jersey",5/10/2015,1,3,4,Unknown,Black American or African American,Male
125,Fox Cities Trestle Trail bridge over Little Lake Butte des Morts,"Menasha, Wisconsin",5/3/2015,4,1,4,Yes,Unknown,Male
126,Milwaukee,"Milwaukee, Wisconsin",5/1/2015,2,3,5,No,Unknown,Male
127,Gates Pub,"Gates, New York",4/25/2015,1,6,7,Unknown,Black American or African American,Male
128,Killeen,"Killeen, Texas",4/21/2015,2,3,5,Unknown,Black American or African American,Male
129,Phoenix,"Phoenix, Arizona",4/16/2015,5,0,4,Unknown,Some other race,Male
130,Rome,"Rome, Georgia",4/7/2015,1,3,4,No,Black American or African American,Male
131,Indianapolis,"Indianapolis, Indiana",4/5/2015,0,5,5,No,Unknown,Male
132,Daytona Beach,"Daytona Beach, Florida",4/3/2015,0,4,4,No,Black American or African American,Male
133,Tulsa,"Tulsa, Oklahoma",3/30/2015,4,0,3,Unknown,Asian American,Male
134,Panama City Beach,"Panama City Beach, Florida",3/28/2015,0,7,7,No,Black American or African American,Male
135,Little Water,"Little Water, New Mexico",3/19/2015,2,2,3,Unknown,Unknown,Male
136,Mesa,"Mesa, Arizona",3/18/2015,1,5,6,No,White American or European American,Male
137,Cottonwood,"Cottonwood, Alabama",3/15/2015,3,1,3,No,White American or European American,Male
138,Brookhaven,"Brookhaven, Mississippi",3/13/2015,2,3,5,Unknown,Black American or African American,Male
139,Tarboro,"Tarboro, North Carolina",2/28/2015,4,0,3,Yes,Black American or African American,Male
140,Birmingham's Washington Park,"Birmingham, Alabama",2/27/2015,1,2,3,No,Black American or African American,Male
141,Tyrone,"Tyrone, Missouri",2/26/2015,8,1,8,No,White American or European American,Male
142,Charlotte,"Charlotte, North Carolina",2/24/2015,3,0,3,No,Some other race,Male
143,Clarkesville,"Clarkesville, Georgia",2/22/2015,3,2,4,No,White American or European American,Male
144,Killeen,"Killeen, Texas",2/22/2015,4,1,4,No,Black American or African American,Male
145,Chapel Hill,"Chapel Hill, North Carolina",2/10/2015,3,0,3,No,White American or European American,Male
146,Moon Lake,"New Port Richey, Florida",2/9/2015,3,1,4,No,White American or European American/Some other Race,Male/Female
147,Monroeville Macy's,"Monroeville, Pennsylvania",2/7/2015,0,3,3,No,Black American or African American,Male
148,Douglasville,"Douglasville, Georgia",2/7/2015,5,2,6,No,Black American or African American,Male
149,"King, North Carolina","King, North Carolina",2/4/2015,4,0,3,Unknown,White American or European American,Male
150,McAvan's Pub,"Syracuse, New York",2/1/2015,0,6,6,No,Black American or African American,Male
151,LaGrange,"LaGrange, Georgia",1/28/2015,5,0,5,No,White American or European American,Male
152,Queens,"New York City, New York",1/24/2015,4,1,4,No,Black American or African American,Male
153,Omaha,"Omaha, Nebraska",1/24/2015,3,5,8,No,Black American or African American,Male
154,Moscow,"Moscow, Idaho",1/10/2015,3,1,4,No,Asian American,Male
155,Memphis,"Memphis, Tennessee",1/1/2015,0,5,5,No,Black American or African American,Male
156,"Pennsburg, Souderton, Lansdale, Harleysville","Pennsburg, Souderton, Lansdale, Harleysville, Pennsylvania",12/15/2014,7,1,7,Yes,White American or European American,Male
157,Morgantown,"Morgantown, West Virginia",12/1/2014,5,0,4,No,White American or European American,Male
158,Florida State University,"Tallahassee, Florida",11/19/2014,1,3,3,Yes,Black American or African American,Male
159,Marysville-Pilchuck High School shooting,"Marysville, Washington",10/24/2014,5,1,6,Unclear,Native American,Male
160,Marysville-Pilchuck High School,"Marysville, Washington",10/24/2014,5,1,5,No,Native American or Alaska Native,Male
161,Albuquerque Auto Shop,"Albuquerque, New Mexico",8/8/2014,2,3,4,No,Some other race,Male
162,Bourbon Street New Orleans,"New Orleans, Louisiana",6/29/2014,1,9,10,No,Two or more races,Male
163,Nellis Plaza,"Las Vegas, Nevada",6/8/2014,5,0,3,No,White American or European American,Male/Female
164,Seattle Pacific University,"Seattle, Washington",6/5/2014,1,2,3,Yes,Some other race,Male
165,Isla Vista mass murder,"Santa Barbara, California",5/23/2014,6,13,19,Yes,White,M
166,Isla Vista,"Isla Vista, California",5/23/2014,7,7,10,Yes,White American or European American,Male
167,Kennesaw FedEx,"Kennesaw, Georgia",4/29/2014,1,6,6,No,White American or European American,Male
168,Fort Hood shooting 2,"Fort Hood, Texas",4/3/2014,3,12,15,Unclear,Latino,M
169,Fort Hood,"Killeen, Texas",4/2/2014,4,16,19,Yes,Some other race,Male
170,San Francisco Tenderloin,"San Francisco, CA",3/23/2014,0,8,8,No,Black American or African American,Male
171,Alturas tribal shooting,"Alturas, California",2/20/2014,4,2,6,Unknown,Native American,Female
172,Cedarville Rancheria Tribe,"Alturas, California",2/20/2014,4,2,6,No,Native American or Alaska Native,Female
173,Centennial Hill Bar & Grill,"Montgomery, Alabama",12/28/2013,3,5,8,No,Black American or African American,Male
174,Los Angeles International Airport (LAX),"Los Angeles, California",11/1/2013,1,3,4,No,White American or European American,Male
175,Sparks Middle School,"Sparks, Nevada",10/21/2013,2,2,3,Unknown,Some other race,Male
176,Washington Navy Yard shooting,"Washington, D.C.",9/16/2013,12,8,20,Yes,Black,Male
177,Washington Navy Yard,Washington D.C.,9/16/2013,13,3,15,Yes,Black American or African American,Male
178,Oklahoma City Residence,"Oklahoma City, Oklahoma",8/14/2013,4,0,4,Yes,White American or European American,Male
179,Homes in Desoto and Dallas,"Dallas, Texas",8/7/2013,4,4,8,Unknown,Black American or African American,Male
180,Ross Township Supervisor Council Meeting,"Salisbury , Pennsylvania",8/5/2013,3,3,6,No,White American or European American,Male
181,Hialeah apartment shooting,"Hialeah, Florida",7/26/2013,7,0,7,Unclear,Latino,Male
182,Hialeah Apartments,"Hialeah, Florida",7/26/2013,7,0,6,No,Some other race,Male
183,Santa Monica rampage,"Santa Monica, California",6/7/2013,6,3,9,Yes,White,Male
184,Santa Monica College,"Santa Monica, California",6/7/2013,6,3,8,Yes,White American or European American,Male
185,Village of Manchester in Illinois,"Manchester, Illinois",4/24/2013,7,1,7,Unknown,White American or European American,Male
186,Pinewood Village Apartment shooting,"Federal Way, Washington",4/21/2013,5,0,5,No,Black,Male
187,Pinewood Village Apartments,"Federal Way, Washington",4/21/2013,5,0,4,Unknown,Black American or African American,Male
188,Mohawk Valley shootings,"Herkimer County, New York",3/13/2013,5,2,7,No,White,Male
189,Mohawk and Herkimer Villages in New York,"Mohawk, New York",3/13/2013,5,2,6,No,White American or European American,Male
190,"Ladera Ranch, Santa Ana, Tustin and Orange","Ladera Ranch, California",2/19/2013,4,3,6,Yes,White American or European American,Male
191,Los Angeles Police Department,"Irvine, California",2/3/2013,4,2,7,Yes,Black American or African American,Male
192,Phoenix Law Firm,"Phoenix, Arizona",1/30/2013,3,1,3,Unknown,White American or European American,Male
193,South Valley Residence,"South Valley, Albuquerque, New Mexico",1/19/2013,5,0,5,Yes,Some other race,Male
194,Newtown school shooting,"Newtown, Connecticut",12/14/2012,28,2,30,Yes,white,Male
195,Sandy Hook Elementary School,"Newtown, Connecticut",12/14/2012,28,2,29,Yes,White American or European American,Male
196,Clackamas Town Center,"Happy Valley, Oregon",12/11/2012,3,1,3,No,Some other race,Male
197,Azana Spa in Brookfield,"Brookfield, Wisconsin",10/21/2012,4,4,7,No,Black American or African American,Male
198,The Spot Nightclub,"Miami, Florida",9/28/2012,0,15,15,Unknown,Black American or African American,Male
199,Accent Signage Systems shooting,"Minneapolis, Minnesota",9/27/2012,7,1,8,Yes,white,Male
200,Accent Signage Systems in Minneapolis,"Minneapolis, Minnesota",9/27/2012,7,2,8,Yes,White American or European American,Male
201,Sikh temple shooting,"Oak Creek, Wisconsin",8/5/2012,7,3,10,Yes,white,Male
202,Sikh Temple in Wisconsin,"Oak Creek, Wisconsin",8/5/2012,7,4,10,No,White American or European American,Male
203,Aurora theater shooting,"Aurora, Colorado",7/20/2012,12,70,82,Yes,white,Male
204,Movie Theater in Aurora,"Denver, Colorado",7/20/2012,12,58,70,Yes,White American or European American,Male
205,University Heights Apartments in Auburn,"Auburn, Alabama",6/9/2012,3,3,6,Unknown,Black American or African American,Male
206,Cafe in Seattle,"Seattle, Washington",5/30/2012,6,1,6,Yes,White American or European American,Male
207,Seattle cafe shooting,"Seattle, Washington",5/20/2012,6,1,7,Yes,white,Male
208,"North Tulsa, Oklahoma","Tulsa, Oklahoma",4/6/2012,3,2,5,No,White American or European American,Male
209,Oikos University killings,"Oakland, California",4/2/2012,7,3,10,Yes,Asian,Male
210,Oikos University,"Oakland, California",4/2/2012,7,3,10,Yes,Asian American,Male
211,Chardon High School,"Chardon, Ohio",2/27/2012,3,3,6,Yes,White American or European American,Male
212,Su Jung Health Sauna shooting,"Norcross, Georgia",2/22/2012,5,0,5,Yes,Asian,Male
213,Su Jung Health Sauna,"Norcross, Georgia",2/22/2012,5,0,4,Yes,Asian American,Male
214,Ensley Birmingham,"Birmingham, Alabama",1/29/2012,5,0,5,No,Black American or African American,Male
215,Seal Beach shooting,"Seal Beach, California",10/14/2011,8,1,9,Yes,white,Male
216,Salon Meritage,"Seal Beach, California",10/12/2011,8,1,9,Yes,White American or European American,Male
217,IHOP shooting,"Carson City, Nevada",9/6/2011,5,7,12,Yes,Latino,Male
218,Carson City IHOP,"Carson City, Nevada",9/6/2011,5,7,11,Yes,Some other race,Male
219,Residences in Grand Rapids,"Grand Rapids, Michigan",7/7/2011,8,2,9,Yes,Black American or African American,Male
220,Southern Union State Community College,"Opelika, Alabama",4/6/2011,1,3,4,Yes,White American or European American,Male
221,Youngstown State University,"Youngstown, Ohio",2/6/2011,1,11,12,Unknown,Black American or African American,Male
222,Tucson shooting,"Tucson, Arizona",1/8/2011,6,13,19,Yes,white,Male
223,"Tucson, Arizona","Tucson, Arizona",1/8/2011,6,13,19,Yes,White American or European American,Male
224,Hartford Beer Distributor shooting,"Manchester, Connecticut",8/3/2010,9,2,11,No,black,Male
225,Hartford Beer Distributors,"Manchester, Connecticut",8/3/2010,9,2,10,Unknown,Black American or African American,Male
226,University of Alabama in Huntsville,"Huntsville, Alabama",2/12/2010,0,3,6,No,White American or European American,Female
227,Coffee shop police killings,"Parkland, Washington",11/29/2009,4,1,5,Yes,black,Male
228,Parkland Coffee Shop,"Lakewood, Washington",11/29/2009,5,0,4,Yes,Black American or African American,Male
229,Fort Hood massacre,"Fort Hood, Texas",11/5/2009,13,30,43,Unclear,Other,Male
230,Fort Hood Army Base,"Fort Hood, Texas",11/5/2009,13,32,45,Yes,White American or European American,Male
231,Binghamton shootings,"Binghamton, New York",4/3/2009,14,4,18,Yes,Asian,Male
232,Immigration Services Center in Binghamton,"Binghamton, New York",4/3/2009,14,4,17,Yes,Asian American,Male
233,Carthage nursing home shooting,"Carthage, North Carolina",3/29/2009,8,3,11,Yes,white,Male
234,"Rivermark, Santa Clara, California","Santa Clara, California",3/29/2009,6,1,6,No,Asian American,Male
235,Pinelake Health and Rehab nursing home,"Carthage, North Carolina",3/29/2009,8,2,10,Yes,White American or European American,Male
236,"Geneva County, Alabama","Geneva, Alabama",3/10/2009,11,6,16,No,White American or European American,Male
237,"Covina, California","Covina, California",12/24/2008,10,2,11,No,White American or European American,Male
238,University of Central Arkansas,"Conway, Arkansas",10/26/2008,0,1,3,No,Black American or African American,Male
239,South Mountain Community College,"Phoenix, Arizona",7/24/2008,0,3,3,No,Black American or African American,Male
240,Atlantis Plastics shooting,"Henderson, Kentucky",6/25/2008,6,1,7,No,white,Male
241,Atlantis Plastics,"Henderson, Kentucky",6/25/2008,7,1,7,No,White American or European American,Male
242,Northern Illinois University shooting,"DeKalb, Illinois",2/14/2008,5,21,26,Yes,white,Male
243,Northern Illinois University,"DeKalb, Illinois",2/14/2008,6,17,22,Yes,White American or European American,Male
244,Kirkwood City Council shooting,"Kirkwood, Missouri",2/7/2008,6,2,8,No,black,Male
245,Kirkwood City Hall,"Kirkwood, Missouri",2/7/2008,6,2,7,No,Black American or African American,Male
246,"Carnation, Washington","Carnation, Washington",12/24/2007,6,0,6,No,White American or European American,Male/Female
247,Mojave High School Bus,"Las Vegas, Nevada",12/11/2007,0,6,6,No,Black American or African American,Male
248,Youth With A Mission and New Life Church,"Arvada, Colorado",12/9/2007,5,5,9,No,White American or European American,Male
249,Westroads Mall shooting,"Omaha, Nebraska",12/5/2007,9,4,13,Yes,white,Male
250,Westroads Mall,"Omaha, Nebraska",12/5/2007,9,4,12,Yes,White American or European American,Male
251,South Middle School Football Game,"Saginaw, Michigan",10/25/2007,0,4,4,No,Black American or African American,Male
252,SuccessTech Academy,"Cleveland, Ohio",10/11/2007,1,4,4,Yes,White American or European American,Male
253,Crandon shooting,"Crandon, Wisconsin",10/7/2007,6,1,7,Unclear,white,Male
254,"Apartment in Crandon, Wisconsin","Crandon, Wisconsin",10/7/2007,7,1,7,No,White American or European American,Male
255,Virginia Tech massacre,"Blacksburg, Virginia",4/16/2007,32,23,55,Yes,Asian,Male
256,Virginia Tech  Campus,"Blacksburg, Virginia",4/16/2007,33,17,49,Yes,Asian American,Male
257,Springwater Trail High School,"Gresham, Oregon",4/10/2007,0,10,10,No,Some other race,Male
258,Trolley Square shooting,"Salt Lake City, Utah",2/12/2007,6,4,10,Unclear,white,Male
259,Trolley Square,"Salt Lake City, Utah",2/12/2007,6,4,9,Unknown,White American or European American,Male
260,Amish school shooting,"Lancaster County, Pennsylvania",10/2/2006,6,5,11,No,white,Male
261,West Nickel Mines Amish School,"Nickel Mines, Lancaster, Pennsylvania",10/2/2006,6,5,10,Unknown,White American or European American,Male
262,Duquesne University,"Pittsburgh, Pennsylvania",9/17/2006,0,5,5,Unknown,Black American or African American,Male
263,Orange High School,"Hillsborough, North Carolina",8/30/2006,1,2,3,Yes,Some other race,Male
264,Essex Elementary School,"Essex Junction, Vermont",8/24/2006,2,2,4,Yes,Black American or African American,Male
265,Capitol Hill massacre,"Seattle, Washington",3/25/2006,7,2,9,No,white,Male
266,"Party in Capitol Hill, Seattle","Seattle, Washington",3/25/2006,7,2,8,No,White American or European American,Male
267,Goleta postal shootings,"Goleta, California",1/30/2006,8,0,8,Yes,white,Female
268,Goleta Post Office,"Goleta, California",1/30/2006,8,0,7,Yes,White American or European American,Female
269,Red Lake massacre,"Red Lake, Minnesota",3/21/2005,10,5,15,Yes,Native American,Male
270,Red Lake High School,"Red Lake, Minnesota",3/21/2005,10,5,14,Yes,Native American or Alaska Native,Male
271,Living Church of God shooting,"Brookfield, Wisconsin",3/12/2005,7,4,11,Yes,white,Male
272,Living Church of God,"Brookfield, Wisconsin",3/12/2005,8,4,11,No,White American or European American,Male
273,Tyler Courthouse,"Tyler, Texas",2/24/2005,3,4,6,Unknown,Some other race,Male
274,Damageplan show shooting,"Columbus, Ohio",12/8/2004,5,7,12,Yes,white,Male
275,Damageplan show at the Alrosa Villa Nightclub,"Columbus, Ohio",12/8/2004,5,7,11,Yes,White American or European American,Male
276,"Birchwood, Wisconsin","Birchwood, Wisconsin",11/21/2004,6,2,8,No,Asian American,Male
277,Windy City Core Supply Warehouse,"Chicago, Illinois",8/27/2003,7,0,6,No,Some other race,Male
278,Lockheed Martin shooting,"Meridian, Mississippi",7/8/2003,7,8,15,Yes,white,Male
279,Lockheed Martin,"Meridian, Mississippi",7/8/2003,7,8,14,No,White American or European American,Male
280,Case Western Reserve University,"Cleveland, Ohio",5/9/2003,1,2,3,No,Asian American,Male
281,University of Arizona College of Nursing,"Tucson, Arizona",10/28/2002,4,0,3,No,Some other race,Male
282,Appalachian School of Law,"Grundy, Virginia",1/16/2002,3,3,6,No,Black American or African American,Male
283,Santana High School,"Santee, San Diego, California",3/5/2001,2,13,15,No,White American or European American,Male
284,Navistar shooting,"Melrose Park, Illinois",2/5/2001,5,4,9,No,black,Male
285,Navistar International,"Melrose Park, Illinois",2/5/2001,6,4,9,No,Black American or African American,Male
286,Wakefield massacre,"Wakefield, Massachusetts",12/26/2000,7,0,7,Yes,white,Male
287,Edgewater Technology,"Wakefield, Boston, Massachusetts",12/26/2000,7,0,7,No,Some other race,Male
288,Hotel shooting,"Tampa, Florida",12/30/1999,5,3,8,Yes,Latino,Male
289,Radisson Bay Harbor Inn,"Tampa, Florida",12/30/1999,5,3,8,No,Some other race,Male
290,Fort Gibson Middle School,"Fort Gibson, Oklahoma",12/6/1999,0,4,4,No,White American or European American,Male
291,Xerox killings,"Honolulu, Hawaii",11/2/1999,7,0,7,Yes,Asian,Male
292,Xerox Office Building,"Honolulu, Hawaii",11/2/1999,7,0,7,Yes,Asian American,Male
293,Wedgwood Baptist Church shooting,"Fort Worth, Texas",9/15/1999,8,7,15,Yes,white,Male
294,Wedgwood Baptist Church,"Fort Worth, Texas",9/15/1999,8,7,14,Yes,White American or European American,Male
295,Atlanta day trading spree killings,"Atlanta, Georgia",7/29/1999,9,13,22,Yes,white,Male
296,Offices of All-Tech Investment Group and Momentum Securities,"Atlanta, Georgia",7/29/1999,10,12,21,Yes,White American or European American,Male
297,Heritage High School,"Conyers, Georgia",5/20/1999,0,6,6,No,White American or European American,Male
298,Columbine High School massacre,"Littleton, Colorado",4/20/1999,13,24,37,Yes,white,Male
299,Columbine High School,"Littleton, Colorado",4/20/1999,15,24,37,Yes,White American or European American,Male
300,Riverside City Hall,"Riverside, California",10/6/1998,0,6,6,No,Black American or African American,Male
301,Thurston High School shooting,"Springfield, Oregon",5/21/1998,4,25,29,Yes,white,Male
302,Thurston High School,"Springfield, Oregon",5/21/1998,4,25,29,Yes,White American or European American,Male
303,Parker Middle School Dance,"Edinboro, Pennsylvania",4/24/1998,1,3,4,Yes,White American or European American,Male
304,Westside Middle School killings,"Jonesboro, Arkansas",3/24/1998,5,10,15,No,white,Male
305,Westside Middle School,"Jonesboro, Arkansas",3/24/1998,5,10,15,No,White American or European American,Male
306,Connecticut Lottery shooting,"Newington, Connecticut",3/6/1998,5,1,6,Yes,white,Male
307,Connecticut State Lottery Headquarters,"Newington, Connecticut",3/6/1998,5,0,4,Yes,White American or European American,Male
308,Milwaukee Post Office,"Milwaukee, Wisconsin",12/19/1997,2,2,3,No,Black American or African American,Male
309,Caltrans maintenance yard shooting,"Orange, California",12/18/1997,5,2,7,No,Latino,Male
310,Caltrans Maintenance Yard,"Orange, California",12/18/1997,5,2,6,No,Some other race,Male
311,Heath High School,"West Paducah, Kentucky",12/1/1997,3,5,8,Yes,White American or European American,Male
312,Pearl High School,"Pearl, Mississippi",10/1/1997,2,7,9,Yes,White American or European American,Male
313,R.E. Phelon Company shooting,"Aiken, South Carolina",9/15/1997,4,3,7,No,black,Male
314,R.E. Phelon Company,"Aiken, South Carolina",9/15/1997,4,3,7,No,Black American or African American,Male
315,Bethel Regional High School,"Bethel, Alaska",2/19/1997,2,2,4,Yes,White American or European American,Male
316,San Diego State University,"San Diego, California",8/15/1996,3,0,3,No,White American or European American,Male
317,Fort Lauderdale revenge shooting,"Fort Lauderdale, Florida",2/9/1996,6,1,7,Yes,black,Male
318,Fort Lauderdale City Parks Office,"Fort Lauderdale, Florida",2/9/1996,7,0,6,No,Black American or African American,Male
319,Frontier Junior High School,"Moses Lake, Washington",2/2/1996,3,1,4,Yes,White American or European American,Male
320,Richland High School,"Lynnville, Tennessee",11/15/1995,2,1,3,Yes,White American or European American,Male
321,Walter Rossler Company massacre,"Corpus Christi, Texas",4/3/1995,6,0,6,No,unclear,Male
322,Walter Rossler Company,"Corpus Christi, Texas",4/3/1995,6,0,5,No,Unknown,Male
323,Montclair Post Office,"Montclair, New Jersey",3/21/1995,4,1,5,No,White American or European American,Male
324,Downtown Chapel Hill,"Chapel Hill, North Carolina",1/26/1995,2,2,4,Yes,White American or European American,Male
325,Massachusetts Abortion Clinic,"Brookline, Massachusetts",12/30/1994,2,5,7,Yes,White American or European American,Male
326,Wickliffe Middle School,"Wickliffe, Ohio",11/7/1994,1,3,4,Yes,White American or European American,Male
327,Air Force base shooting,"Fairchild Air Force Base, Washington",6/20/1994,5,23,28,Yes,white,Male
328,Fairchild Air Force Base Hospital,"Fairchild Air Force Base, Washington",6/20/1994,5,23,27,Yes,White American or European American,Male
329,"Residence in Union, Kentucky","Union, Kentucky",5/26/1994,4,0,4,No,White American or European American,Male
330,Chelsea High School,"Chelsea, Michigan",12/16/1993,1,2,3,Yes,White American or European American,Male
331,Chuck E. Cheese's killings,"Aurora, Colorado",12/14/1993,4,1,5,Unclear,black,Male
332,Chuck E. Cheese in Aurora,"Aurora, Colorado",12/14/1993,4,1,5,Yes,Black American or African American,Male
333,Long Island Rail Road massacre,"Garden City, New York",12/7/1993,6,19,25,Yes,black,Male
334,Long Island Rail Road Commuter Train,"Garden City, New York",12/7/1993,6,19,25,No,Black American or African American,Male
335,Central Middle School,"Sheridan, Wyoming",9/17/1993,1,4,4,No,White American or European American,Male
336,Luigi's shooting,"Fayetteville, North Carolina",8/6/1993,4,8,12,No,white,Male
337,Luigi's Restaurant in Fayetteville,"Fayetteville, North Carolina",8/6/1993,4,8,12,No,White American or European American,Male
338,Weber State University,"Ogden, Utah",7/8/1993,1,3,3,No,Asian American,Male
339,101 California Street shootings,"San Francisco, California",7/1/1993,9,6,15,No,white,Male
340,Offices of Pettit & Martin in San Francisco,"San Francisco, California",7/1/1993,9,6,14,No,White American or European American,Male
341,Dearborn Post Office,"Dearborn, Michigan",5/6/1993,2,2,3,Unknown,Unknown,Male
342,Dana Point Post Office,"Dana Point, California",5/6/1993,1,5,6,Yes,White American or European American,Male
343,Simon's Rock College of Bard,"Great Barrington, Massachusetts",12/14/1992,2,4,6,No,Asian American,Male
344,Watkins Glen killings,"Watkins Glen, New York",10/15/1992,5,0,5,Yes,white,Male
345,Schuyler County Office Building,"Watkins Glen, New York",10/15/1992,5,0,4,No,White American or European American,Male
346,Palo Duro High School,"Amarillo, Texas",9/11/1992,0,6,6,Unknown,Unknown,Male
347,Lindhurst High School shooting,"Olivehurst, California",5/1/1992,4,10,14,No,white,Male
348,Lindhurst High School,"Olivehurst, California",5/1/1992,4,10,14,Yes,White American or European American,Male
349,Royal Oak postal shootings,"Royal Oak, Michigan",11/14/1991,5,5,10,Yes,white,Male
350,Royal Oak Post Office,"Royal Oak, Michigan",11/14/1991,5,5,9,Yes,White American or European American,Male
351,University of Iowa shooting,"Iowa City, Iowa",11/1/1991,6,1,7,Unclear,Asian,Male
352,University of Iowa,"Iowa City, Iowa",11/1/1991,6,1,6,No,Asian American,Male
353,Luby's massacre,"Killeen, Texas",10/16/1991,24,20,44,No,white,Male
354,"Luby's Cafeteria in Killeen, Texas","Killeen, Texas",10/16/1991,24,20,43,Yes,White American or European American,Male
355,Ridgewood Post Office,"Ridgewood, New Jersey",10/10/1991,3,0,3,Yes,Black American or African American,Male
356,Wat Promkunaram Buddhist Temple,"Phoenix, Arizona",8/9/1991,9,0,9,No,Asian American/Some other race,Male
357,GMAC massacre,"Jacksonville, Florida",6/18/1990,10,4,14,No,black,Male
358,GMAC Loan Office,"Jacksonville, Florida",6/17/1990,12,6,17,No,Black American or African American,Male
359,Standard Gravure shooting,"Louisville, Kentucky",9/14/1989,9,12,21,Yes,white,Male
360,Standard Gravure Corporation,"Louisville, Kentucky",9/14/1989,9,12,20,Yes,White American or European American,Male
361,Orange Glenn Post Office,"Escondido, California",8/10/1989,4,1,4,No,White American or European American,Male
362,Stockton schoolyard shooting,"Stockton, California",1/17/1989,6,29,35,Yes,white,Male
363,Cleveland Elementary School,"Stockton, California",1/17/1989,6,30,35,Yes,White American or European American,Male
364,New Orleans Downtown Post Office,"New Orleans, Louisiana",12/14/1988,0,4,4,Unknown,Unknown,Male
365,Oakland Elementary School,"Greenwood, South Carolina",9/26/1988,2,9,11,Yes,White American or European American,Male
366,Comet Auto Parts and Montefiore School,"Chicago, Illinois",9/22/1988,5,2,6,No,Black American or African American,Male
367,Hubbard Woods Elementary School,"Winnetka, Illinois",5/20/1988,2,7,8,Yes,White American or European American,Female
368,ESL shooting,"Sunnyvale, California",2/16/1988,7,4,11,Yes,white,Male
369,Electromagnetic Systems Laboratory (ESL),"Sunnyvale, California",2/16/1988,7,4,11,Yes,White American or European American,Male
370,Pinellas Park High School,"Pinellas Park, Florida",2/11/1988,1,2,3,No,White American or European American,Male
371,Shopping centers spree killings,"Palm Bay, Florida",4/23/1987,6,14,20,Yes,white,Male
372,Palm Bay Shopping Centers,"Palm Bay, Florida",4/23/1987,6,14,20,Yes,White American or European American,Male
373,Fergus County High School,"Lewistown, Montana",12/4/1986,1,3,4,Yes,White American or European American,Male
374,United States Postal Service shooting,"Edmond, Oklahoma",8/20/1986,15,6,21,Unclear ,white,Male
375,"Post office in Edmond, Oklahoma","Edmond, Oklahoma",8/20/1986,15,6,20,Yes,White American or European American,Male
376,New York Technical College,"Brooklyn, New York",8/12/1986,1,4,5,Yes,Black American or African American,Male
377,Atlanta Post Office,"Atlanta, Georgia",3/6/1985,2,1,3,Yes,Black American or African American,Male
378,Goddard Junior High School,"Goddard, Kansas",1/21/1985,1,3,4,Yes,White American or European American,Male
379,San Ysidro McDonald's massacre,"San Ysidro, California",7/18/1984,22,19,41,Yes,white,Male
380,McDonald's restaurant in San Ysidro,"San Ysidro, California",7/18/1984,22,19,40,Yes,White American or European American,Male
381,Dallas nightclub shooting,"Dallas, Texas",6/29/1984,6,1,7,Yes,white,Male
382,Ianni's Club in Dallas,"Dallas, Texas",6/29/1984,6,1,7,Yes,White American or European American,Male
383,49th Street Elementary School,"Los Angeles, California",2/24/1984,3,12,14,Yes,Black American or African American,Male
384,Johnston Post Office,"Johnston, South Carolina",8/19/1983,1,3,4,Yes,White American or European American,Male
385,Wah Mee Club in Seattle,"Seattle, Washington",2/18/1983,13,1,14,Unknown,Asian American,Male
386,Welding shop shooting,"Miami, Florida",8/20/1982,8,3,11,Yes,white,Male
387,Welding shop in Miami,"Miami, Florida",8/20/1982,9,3,11,Yes,White American or European American,Male
388,Valley High School,"Las Vegas, Nevada",3/19/1982,1,2,3,Yes,White American or European American,Male
389,University of South Carolina,"Columbia, South Carolina",10/6/1979,2,5,7,Unknown,Black American or African American,Male
390,Grover Cleveland Elementary School,"San Diego, California",1/29/1979,2,9,11,Yes,White American or European American,Female
391,Cal State Fullerton,"Fullerton, California",7/12/1976,7,2,9,Yes,White American or European American,Male
392,Los Angeles Computer Learning Center,"Los Angeles, California",2/19/1976,1,7,8,Unknown,White American or European American,Male
393,Olean High School,"Olean, New York",12/30/1974,3,7,10,No,White American or European American,Male
394,Clara Barton Elementary School,"Chicago, Illinois",1/17/1974,1,3,4,Yes,Unknown,Male
395,New Orleans Police Shootings,"New Orleans, Louisiana",12/31/1972,10,13,22,Yes,Black American or African American,Male
396,St. Aloysius Church,"Spokane, Washington",11/11/1971,2,4,5,Yes,White American or European American,Male
397,Rose-Mar College of Beauty,"Mesa, Arizona",11/12/1966,5,1,6,Yes,White American or European American,Male
398,University of Texas at Austin,"Austin, Texas",8/1/1966,17,32,48,Yes,White American or European American,Male
